profile_id,first_name,last_name,gender,ethnicity,name_ID,tokens,agentic_count,communal_count,certainty_count,tentative_count
1416,Adem,Şeker,male,turkish,40,165,0,9,0,1
1485,Adem,Şeker,male,turkish,40,172,6,5,2,4
1665,Adem,Şeker,male,turkish,40,207,5,15,3,2
1737,Adem,Şeker,male,turkish,40,179,3,11,2,3
176,Adem,Şeker,male,turkish,40,180,3,6,4,3
1871,Adem,Şeker,male,turkish,40,185,2,11,4,3
1885,Adem,Şeker,male,turkish,40,186,3,13,5,2
201,Adem,Şeker,male,turkish,40,163,1,14,2,2
2100,Adem,Şeker,male,turkish,40,161,2,8,3,4
2147,Adem,Şeker,male,turkish,40,196,2,8,4,2
2168,Adem,Şeker,male,turkish,40,174,1,8,6,4
2173,Adem,Şeker,male,turkish,40,182,6,9,3,2
221,Adem,Şeker,male,turkish,40,161,2,5,1,1
2566,Adem,Şeker,male,turkish,40,188,1,5,3,2
2589,Adem,Şeker,male,turkish,40,62,1,3,2,2
2660,Adem,Şeker,male,turkish,40,208,5,18,6,4
2793,Adem,Şeker,male,turkish,40,213,3,7,5,4
2795,Adem,Şeker,male,turkish,40,218,1,12,5,3
2860,Adem,Şeker,male,turkish,40,172,2,14,4,2
2927,Adem,Şeker,male,turkish,40,189,3,5,4,3
307,Adem,Şeker,male,turkish,40,182,8,6,9,1
3131,Adem,Şeker,male,turkish,40,208,2,9,2,0
377,Adem,Şeker,male,turkish,40,211,6,9,5,1
465,Adem,Şeker,male,turkish,40,165,3,4,5,5
528,Adem,Şeker,male,turkish,40,185,6,3,3,2
571,Adem,Şeker,male,turkish,40,191,1,7,3,3
6,Adem,Şeker,male,turkish,40,127,5,4,6,3
762,Adem,Şeker,male,turkish,40,147,2,8,5,4
778,Adem,Şeker,male,turkish,40,176,4,8,7,2
930,Adem,Şeker,male,turkish,40,240,6,4,3,1
1416,Ahmet,Akay,male,turkish,38,195,3,6,6,5
1485,Ahmet,Akay,male,turkish,38,151,4,5,1,1
1665,Ahmet,Akay,male,turkish,38,253,11,11,4,1
1737,Ahmet,Akay,male,turkish,38,162,4,8,3,0
176,Ahmet,Akay,male,turkish,38,179,2,6,4,2
1871,Ahmet,Akay,male,turkish,38,193,3,6,2,1
1885,Ahmet,Akay,male,turkish,38,178,1,11,2,3
201,Ahmet,Akay,male,turkish,38,155,3,7,3,4
2100,Ahmet,Akay,male,turkish,38,144,5,2,5,3
2147,Ahmet,Akay,male,turkish,38,184,3,10,3,1
2168,Ahmet,Akay,male,turkish,38,166,2,12,5,3
2173,Ahmet,Akay,male,turkish,38,222,2,8,4,3
221,Ahmet,Akay,male,turkish,38,211,4,7,4,1
2566,Ahmet,Akay,male,turkish,38,179,3,9,6,2
2589,Ahmet,Akay,male,turkish,38,183,3,10,4,2
2660,Ahmet,Akay,male,turkish,38,171,2,21,7,2
2793,Ahmet,Akay,male,turkish,38,179,0,6,5,5
2795,Ahmet,Akay,male,turkish,38,191,2,8,2,1
2860,Ahmet,Akay,male,turkish,38,220,2,18,3,1
2927,Ahmet,Akay,male,turkish,38,205,3,5,7,3
307,Ahmet,Akay,male,turkish,38,162,4,3,6,2
3131,Ahmet,Akay,male,turkish,38,181,2,7,3,1
377,Ahmet,Akay,male,turkish,38,167,6,9,1,0
465,Ahmet,Akay,male,turkish,38,164,4,14,6,2
528,Ahmet,Akay,male,turkish,38,222,5,6,5,0
571,Ahmet,Akay,male,turkish,38,153,4,7,4,0
6,Ahmet,Akay,male,turkish,38,165,4,11,5,6
762,Ahmet,Akay,male,turkish,38,170,5,9,6,2
778,Ahmet,Akay,male,turkish,38,159,5,9,6,1
930,Ahmet,Akay,male,turkish,38,219,3,4,4,3
1416,Angelika,Kohl,female,german,19,171,1,5,2,1
1485,Angelika,Kohl,female,german,19,143,4,6,3,3
1665,Angelika,Kohl,female,german,19,197,6,8,4,1
1737,Angelika,Kohl,female,german,19,162,5,6,1,4
176,Angelika,Kohl,female,german,19,215,3,7,5,6
1871,Angelika,Kohl,female,german,19,179,1,8,2,2
1885,Angelika,Kohl,female,german,19,155,5,13,5,1
201,Angelika,Kohl,female,german,19,165,5,11,3,5
2100,Angelika,Kohl,female,german,19,178,3,7,6,6
2147,Angelika,Kohl,female,german,19,175,2,8,0,3
2168,Angelika,Kohl,female,german,19,148,3,8,4,3
2173,Angelika,Kohl,female,german,19,213,2,5,6,1
221,Angelika,Kohl,female,german,19,215,4,5,1,1
2566,Angelika,Kohl,female,german,19,163,2,5,3,0
2589,Angelika,Kohl,female,german,19,202,3,7,5,4
2660,Angelika,Kohl,female,german,19,163,3,16,6,2
2793,Angelika,Kohl,female,german,19,174,1,5,5,1
2795,Angelika,Kohl,female,german,19,182,3,7,3,1
2860,Angelika,Kohl,female,german,19,197,2,11,2,3
2927,Angelika,Kohl,female,german,19,172,2,4,5,4
307,Angelika,Kohl,female,german,19,195,6,5,7,4
3131,Angelika,Kohl,female,german,19,224,4,7,1,1
377,Angelika,Kohl,female,german,19,201,6,12,4,2
465,Angelika,Kohl,female,german,19,149,4,7,4,4
528,Angelika,Kohl,female,german,19,164,5,5,1,1
571,Angelika,Kohl,female,german,19,190,2,6,2,4
6,Angelika,Kohl,female,german,19,149,3,9,6,3
762,Angelika,Kohl,female,german,19,191,6,9,9,4
778,Angelika,Kohl,female,german,19,190,6,8,6,4
930,Angelika,Kohl,female,german,19,214,3,6,4,2
1416,Britta,Kern,female,german,7,178,3,7,3,3
1485,Britta,Kern,female,german,7,179,5,11,6,4
1665,Britta,Kern,female,german,7,231,3,10,7,1
1737,Britta,Kern,female,german,7,210,1,10,2,0
176,Britta,Kern,female,german,7,193,2,11,5,4
1871,Britta,Kern,female,german,7,179,2,15,3,2
1885,Britta,Kern,female,german,7,163,7,15,6,3
201,Britta,Kern,female,german,7,179,2,11,4,6
2100,Britta,Kern,female,german,7,222,5,6,5,7
2147,Britta,Kern,female,german,7,171,0,6,1,2
2168,Britta,Kern,female,german,7,156,3,8,11,5
2173,Britta,Kern,female,german,7,198,3,12,2,3
221,Britta,Kern,female,german,7,238,7,7,3,3
2566,Britta,Kern,female,german,7,180,5,7,5,2
2589,Britta,Kern,female,german,7,174,1,6,4,5
2660,Britta,Kern,female,german,7,168,2,16,3,2
2793,Britta,Kern,female,german,7,159,2,4,4,1
2795,Britta,Kern,female,german,7,206,6,8,6,1
2860,Britta,Kern,female,german,7,177,1,12,3,4
2927,Britta,Kern,female,german,7,152,2,5,7,1
307,Britta,Kern,female,german,7,159,5,7,5,4
3131,Britta,Kern,female,german,7,206,3,9,4,1
377,Britta,Kern,female,german,7,208,3,10,3,2
465,Britta,Kern,female,german,7,171,4,8,5,7
528,Britta,Kern,female,german,7,169,6,3,2,0
571,Britta,Kern,female,german,7,179,2,7,3,3
6,Britta,Kern,female,german,7,126,4,8,6,3
762,Britta,Kern,female,german,7,165,3,9,2,2
778,Britta,Kern,female,german,7,130,4,8,3,1
930,Britta,Kern,female,german,7,202,4,5,3,1
1416,Cansu,Turan,female,turkish,25,157,2,9,3,2
1485,Cansu,Turan,female,turkish,25,174,8,5,4,3
1665,Cansu,Turan,female,turkish,25,179,6,5,2,1
1737,Cansu,Turan,female,turkish,25,156,1,8,2,1
176,Cansu,Turan,female,turkish,25,211,4,10,4,2
1871,Cansu,Turan,female,turkish,25,192,2,17,7,2
1885,Cansu,Turan,female,turkish,25,165,8,15,5,1
201,Cansu,Turan,female,turkish,25,189,3,14,2,1
2100,Cansu,Turan,female,turkish,25,204,1,6,2,5
2147,Cansu,Turan,female,turkish,25,193,3,8,5,1
2168,Cansu,Turan,female,turkish,25,162,2,7,7,3
2173,Cansu,Turan,female,turkish,25,176,5,7,4,1
221,Cansu,Turan,female,turkish,25,195,3,7,2,2
2566,Cansu,Turan,female,turkish,25,147,3,6,4,2
2589,Cansu,Turan,female,turkish,25,176,1,9,3,2
2660,Cansu,Turan,female,turkish,25,208,3,21,8,4
2793,Cansu,Turan,female,turkish,25,223,3,5,1,1
2795,Cansu,Turan,female,turkish,25,151,1,6,1,1
2860,Cansu,Turan,female,turkish,25,181,1,19,4,3
2927,Cansu,Turan,female,turkish,25,250,1,8,5,3
307,Cansu,Turan,female,turkish,25,158,3,2,6,2
3131,Cansu,Turan,female,turkish,25,176,2,10,1,0
377,Cansu,Turan,female,turkish,25,191,4,8,2,5
465,Cansu,Turan,female,turkish,25,162,3,7,11,3
528,Cansu,Turan,female,turkish,25,194,5,5,5,1
571,Cansu,Turan,female,turkish,25,183,2,4,3,3
6,Cansu,Turan,female,turkish,25,166,5,11,5,4
762,Cansu,Turan,female,turkish,25,171,2,9,7,3
778,Cansu,Turan,female,turkish,25,159,4,7,5,2
930,Cansu,Turan,female,turkish,25,185,2,6,1,0
1416,Carina,Lindner,female,german,5,176,3,7,3,2
1485,Carina,Lindner,female,german,5,168,6,13,5,2
1665,Carina,Lindner,female,german,5,215,3,14,3,0
1737,Carina,Lindner,female,german,5,199,3,11,3,0
176,Carina,Lindner,female,german,5,210,4,8,2,4
1871,Carina,Lindner,female,german,5,181,4,5,2,1
1885,Carina,Lindner,female,german,5,143,2,10,2,5
201,Carina,Lindner,female,german,5,174,2,12,3,2
2100,Carina,Lindner,female,german,5,192,4,8,4,3
2147,Carina,Lindner,female,german,5,183,8,7,4,3
2168,Carina,Lindner,female,german,5,178,5,9,5,1
2173,Carina,Lindner,female,german,5,224,5,10,5,2
221,Carina,Lindner,female,german,5,191,3,9,3,2
2566,Carina,Lindner,female,german,5,186,2,6,2,1
2589,Carina,Lindner,female,german,5,206,1,13,6,2
2660,Carina,Lindner,female,german,5,193,4,23,6,2
2793,Carina,Lindner,female,german,5,168,4,4,4,1
2795,Carina,Lindner,female,german,5,212,1,13,4,0
2860,Carina,Lindner,female,german,5,200,2,15,4,3
2927,Carina,Lindner,female,german,5,208,3,9,4,5
307,Carina,Lindner,female,german,5,170,6,7,6,2
3131,Carina,Lindner,female,german,5,158,3,6,3,2
377,Carina,Lindner,female,german,5,183,3,11,1,2
465,Carina,Lindner,female,german,5,178,2,7,4,4
528,Carina,Lindner,female,german,5,242,7,6,5,1
571,Carina,Lindner,female,german,5,180,3,7,3,1
6,Carina,Lindner,female,german,5,145,5,13,10,4
762,Carina,Lindner,female,german,5,162,3,10,8,2
778,Carina,Lindner,female,german,5,190,4,14,5,3
930,Carina,Lindner,female,german,5,211,6,4,6,3
1416,Daniel,Kuhn,male,german,14,205,1,9,3,5
1485,Daniel,Kuhn,male,german,14,181,3,13,5,7
1665,Daniel,Kuhn,male,german,14,219,5,10,2,1
1737,Daniel,Kuhn,male,german,14,177,4,9,3,3
176,Daniel,Kuhn,male,german,14,198,2,7,3,5
1871,Daniel,Kuhn,male,german,14,204,7,9,3,3
1885,Daniel,Kuhn,male,german,14,180,5,12,3,2
201,Daniel,Kuhn,male,german,14,163,3,12,2,3
2100,Daniel,Kuhn,male,german,14,186,4,6,4,5
2147,Daniel,Kuhn,male,german,14,208,2,13,2,1
2168,Daniel,Kuhn,male,german,14,166,4,4,4,3
2173,Daniel,Kuhn,male,german,14,195,3,8,5,3
221,Daniel,Kuhn,male,german,14,184,7,6,2,1
2566,Daniel,Kuhn,male,german,14,148,3,7,4,3
2589,Daniel,Kuhn,male,german,14,174,1,9,3,2
2660,Daniel,Kuhn,male,german,14,177,3,19,6,4
2793,Daniel,Kuhn,male,german,14,202,4,5,4,3
2795,Daniel,Kuhn,male,german,14,199,3,19,7,1
2860,Daniel,Kuhn,male,german,14,190,4,15,4,2
2927,Daniel,Kuhn,male,german,14,215,2,7,3,3
307,Daniel,Kuhn,male,german,14,178,3,4,2,2
3131,Daniel,Kuhn,male,german,14,69,2,2,2,0
377,Daniel,Kuhn,male,german,14,184,5,9,3,1
465,Daniel,Kuhn,male,german,14,162,4,6,6,6
528,Daniel,Kuhn,male,german,14,215,5,6,4,0
571,Daniel,Kuhn,male,german,14,189,3,8,5,2
6,Daniel,Kuhn,male,german,14,142,2,11,4,3
762,Daniel,Kuhn,male,german,14,166,1,10,9,3
778,Daniel,Kuhn,male,german,14,143,3,8,2,2
930,Daniel,Kuhn,male,german,14,249,4,6,5,1
1416,Daniela,Kuhn,female,german,13,177,0,3,2,2
1485,Daniela,Kuhn,female,german,13,165,5,8,4,3
1665,Daniela,Kuhn,female,german,13,163,4,7,3,0
1737,Daniela,Kuhn,female,german,13,167,2,14,3,2
176,Daniela,Kuhn,female,german,13,234,2,10,3,3
1871,Daniela,Kuhn,female,german,13,180,3,18,2,3
1885,Daniela,Kuhn,female,german,13,184,6,18,6,3
201,Daniela,Kuhn,female,german,13,183,3,11,4,5
2100,Daniela,Kuhn,female,german,13,159,3,5,5,5
2147,Daniela,Kuhn,female,german,13,192,3,7,3,1
2168,Daniela,Kuhn,female,german,13,136,1,8,3,2
2173,Daniela,Kuhn,female,german,13,193,3,9,2,3
221,Daniela,Kuhn,female,german,13,180,6,8,2,3
2566,Daniela,Kuhn,female,german,13,162,3,6,3,1
2589,Daniela,Kuhn,female,german,13,207,3,8,6,2
2660,Daniela,Kuhn,female,german,13,182,3,12,4,4
2793,Daniela,Kuhn,female,german,13,172,2,4,5,4
2795,Daniela,Kuhn,female,german,13,212,5,9,4,2
2860,Daniela,Kuhn,female,german,13,177,1,13,3,3
2927,Daniela,Kuhn,female,german,13,180,2,4,3,3
307,Daniela,Kuhn,female,german,13,177,6,9,7,3
3131,Daniela,Kuhn,female,german,13,165,3,1,1,1
377,Daniela,Kuhn,female,german,13,204,3,10,3,3
465,Daniela,Kuhn,female,german,13,207,1,9,3,4
528,Daniela,Kuhn,female,german,13,219,3,5,2,1
571,Daniela,Kuhn,female,german,13,180,2,5,3,2
6,Daniela,Kuhn,female,german,13,149,5,10,5,6
762,Daniela,Kuhn,female,german,13,180,2,7,3,3
778,Daniela,Kuhn,female,german,13,139,6,7,4,1
930,Daniela,Kuhn,female,german,13,225,4,7,4,3
1416,Dilek,Karakaya,female,turkish,33,187,3,7,2,3
1485,Dilek,Karakaya,female,turkish,33,181,5,4,4,3
1665,Dilek,Karakaya,female,turkish,33,214,2,11,4,4
1737,Dilek,Karakaya,female,turkish,33,178,7,9,2,1
176,Dilek,Karakaya,female,turkish,33,210,2,9,5,3
1871,Dilek,Karakaya,female,turkish,33,165,3,13,4,2
1885,Dilek,Karakaya,female,turkish,33,168,6,11,4,1
201,Dilek,Karakaya,female,turkish,33,159,3,10,3,3
2100,Dilek,Karakaya,female,turkish,33,169,3,5,3,4
2147,Dilek,Karakaya,female,turkish,33,170,1,6,3,4
2168,Dilek,Karakaya,female,turkish,33,126,3,8,4,2
2173,Dilek,Karakaya,female,turkish,33,153,1,5,3,3
221,Dilek,Karakaya,female,turkish,33,196,4,8,4,3
2566,Dilek,Karakaya,female,turkish,33,120,1,4,2,1
2589,Dilek,Karakaya,female,turkish,33,196,2,12,4,4
2660,Dilek,Karakaya,female,turkish,33,201,4,21,7,3
2793,Dilek,Karakaya,female,turkish,33,193,1,7,4,1
2795,Dilek,Karakaya,female,turkish,33,210,1,11,4,1
2860,Dilek,Karakaya,female,turkish,33,176,2,10,3,2
2927,Dilek,Karakaya,female,turkish,33,169,3,7,5,3
307,Dilek,Karakaya,female,turkish,33,187,7,6,5,3
3131,Dilek,Karakaya,female,turkish,33,151,1,6,1,2
377,Dilek,Karakaya,female,turkish,33,200,4,8,3,1
465,Dilek,Karakaya,female,turkish,33,166,4,9,4,4
528,Dilek,Karakaya,female,turkish,33,214,4,4,3,3
571,Dilek,Karakaya,female,turkish,33,181,4,7,4,2
6,Dilek,Karakaya,female,turkish,33,149,5,7,6,3
762,Dilek,Karakaya,female,turkish,33,171,1,10,7,4
778,Dilek,Karakaya,female,turkish,33,169,3,7,4,1
930,Dilek,Karakaya,female,turkish,33,197,5,4,3,2
1416,Emre,Eren,male,turkish,22,183,2,8,5,5
1485,Emre,Eren,male,turkish,22,150,5,7,3,5
1665,Emre,Eren,male,turkish,22,217,6,8,4,2
1737,Emre,Eren,male,turkish,22,169,5,7,2,1
176,Emre,Eren,male,turkish,22,185,2,7,5,4
1871,Emre,Eren,male,turkish,22,191,2,15,2,2
1885,Emre,Eren,male,turkish,22,224,7,14,9,6
201,Emre,Eren,male,turkish,22,198,3,11,3,4
2100,Emre,Eren,male,turkish,22,175,2,6,4,3
2147,Emre,Eren,male,turkish,22,191,2,4,3,2
2168,Emre,Eren,male,turkish,22,197,4,12,8,4
2173,Emre,Eren,male,turkish,22,171,2,5,2,2
221,Emre,Eren,male,turkish,22,195,4,7,5,4
2566,Emre,Eren,male,turkish,22,159,2,7,2,2
2589,Emre,Eren,male,turkish,22,56,1,5,2,1
2660,Emre,Eren,male,turkish,22,172,1,18,5,2
2793,Emre,Eren,male,turkish,22,195,5,7,4,1
2795,Emre,Eren,male,turkish,22,197,3,8,3,4
2860,Emre,Eren,male,turkish,22,193,2,17,5,4
2927,Emre,Eren,male,turkish,22,181,4,9,4,3
307,Emre,Eren,male,turkish,22,176,5,8,7,6
3131,Emre,Eren,male,turkish,22,180,2,9,3,2
377,Emre,Eren,male,turkish,22,159,3,5,0,1
465,Emre,Eren,male,turkish,22,203,4,11,7,4
528,Emre,Eren,male,turkish,22,197,4,6,1,1
571,Emre,Eren,male,turkish,22,160,3,5,3,0
6,Emre,Eren,male,turkish,22,111,4,8,3,1
762,Emre,Eren,male,turkish,22,180,0,14,5,1
778,Emre,Eren,male,turkish,22,146,4,4,3,3
930,Emre,Eren,male,turkish,22,210,3,6,3,2
1416,Fabian,Kern,male,german,8,157,2,6,1,3
1485,Fabian,Kern,male,german,8,173,4,9,3,3
1665,Fabian,Kern,male,german,8,211,5,9,2,1
1737,Fabian,Kern,male,german,8,140,2,6,1,2
176,Fabian,Kern,male,german,8,195,2,5,3,6
1871,Fabian,Kern,male,german,8,192,6,11,3,5
1885,Fabian,Kern,male,german,8,170,5,10,5,2
201,Fabian,Kern,male,german,8,137,3,12,3,3
2100,Fabian,Kern,male,german,8,171,3,7,4,3
2147,Fabian,Kern,male,german,8,195,7,8,5,2
2168,Fabian,Kern,male,german,8,140,1,7,5,2
2173,Fabian,Kern,male,german,8,160,5,5,2,3
221,Fabian,Kern,male,german,8,199,6,6,5,3
2566,Fabian,Kern,male,german,8,162,3,3,3,3
2589,Fabian,Kern,male,german,8,208,3,6,5,1
2660,Fabian,Kern,male,german,8,180,2,10,5,1
2793,Fabian,Kern,male,german,8,189,1,4,1,3
2795,Fabian,Kern,male,german,8,181,2,11,7,2
2860,Fabian,Kern,male,german,8,185,2,11,1,0
2927,Fabian,Kern,male,german,8,191,2,6,7,4
307,Fabian,Kern,male,german,8,194,5,10,4,4
3131,Fabian,Kern,male,german,8,217,2,8,2,3
377,Fabian,Kern,male,german,8,209,2,11,5,2
465,Fabian,Kern,male,german,8,159,4,11,7,4
528,Fabian,Kern,male,german,8,207,3,8,3,4
571,Fabian,Kern,male,german,8,180,3,5,1,1
6,Fabian,Kern,male,german,8,128,5,8,6,2
762,Fabian,Kern,male,german,8,159,4,9,8,2
778,Fabian,Kern,male,german,8,164,4,4,6,1
930,Fabian,Kern,male,german,8,208,1,8,2,2
1416,Fikret,Akman,male,turkish,28,167,1,9,3,1
1485,Fikret,Akman,male,turkish,28,153,5,12,3,3
1665,Fikret,Akman,male,turkish,28,216,3,12,2,1
1737,Fikret,Akman,male,turkish,28,171,7,6,3,3
176,Fikret,Akman,male,turkish,28,188,2,3,2,9
1871,Fikret,Akman,male,turkish,28,219,3,14,4,4
1885,Fikret,Akman,male,turkish,28,175,4,18,2,1
201,Fikret,Akman,male,turkish,28,182,1,12,4,2
2100,Fikret,Akman,male,turkish,28,172,3,5,5,3
2147,Fikret,Akman,male,turkish,28,209,4,4,5,1
2168,Fikret,Akman,male,turkish,28,163,2,4,3,3
2173,Fikret,Akman,male,turkish,28,171,2,7,3,2
221,Fikret,Akman,male,turkish,28,153,3,5,2,3
2566,Fikret,Akman,male,turkish,28,177,1,5,3,2
2589,Fikret,Akman,male,turkish,28,200,2,7,4,4
2660,Fikret,Akman,male,turkish,28,183,2,19,5,3
2793,Fikret,Akman,male,turkish,28,170,2,2,3,4
2795,Fikret,Akman,male,turkish,28,210,1,9,5,4
2860,Fikret,Akman,male,turkish,28,200,4,12,2,1
2927,Fikret,Akman,male,turkish,28,246,3,7,3,5
307,Fikret,Akman,male,turkish,28,155,3,1,5,1
3131,Fikret,Akman,male,turkish,28,210,1,6,3,3
377,Fikret,Akman,male,turkish,28,208,4,15,9,3
465,Fikret,Akman,male,turkish,28,177,5,5,3,2
528,Fikret,Akman,male,turkish,28,226,3,6,2,3
571,Fikret,Akman,male,turkish,28,148,3,2,2,0
6,Fikret,Akman,male,turkish,28,161,4,11,7,3
762,Fikret,Akman,male,turkish,28,169,1,10,7,2
778,Fikret,Akman,male,turkish,28,180,4,10,5,2
930,Fikret,Akman,male,turkish,28,191,2,6,2,1
1416,Gül,Sönmez,female,turkish,29,157,1,7,5,5
1485,Gül,Sönmez,female,turkish,29,165,2,8,4,2
1665,Gül,Sönmez,female,turkish,29,209,4,9,4,1
1737,Gül,Sönmez,female,turkish,29,183,3,9,4,1
176,Gül,Sönmez,female,turkish,29,204,2,8,4,3
1871,Gül,Sönmez,female,turkish,29,184,2,9,2,2
1885,Gül,Sönmez,female,turkish,29,171,4,14,3,2
201,Gül,Sönmez,female,turkish,29,182,3,18,4,3
2100,Gül,Sönmez,female,turkish,29,186,4,7,4,2
2147,Gül,Sönmez,female,turkish,29,159,1,6,3,1
2168,Gül,Sönmez,female,turkish,29,147,4,8,7,2
2173,Gül,Sönmez,female,turkish,29,187,1,6,4,0
221,Gül,Sönmez,female,turkish,29,189,5,6,6,1
2566,Gül,Sönmez,female,turkish,29,162,2,7,6,2
2589,Gül,Sönmez,female,turkish,29,184,1,7,4,2
2660,Gül,Sönmez,female,turkish,29,204,3,16,7,6
2793,Gül,Sönmez,female,turkish,29,203,4,2,3,1
2795,Gül,Sönmez,female,turkish,29,196,1,15,2,2
2860,Gül,Sönmez,female,turkish,29,137,2,11,3,3
2927,Gül,Sönmez,female,turkish,29,164,1,5,2,2
307,Gül,Sönmez,female,turkish,29,149,6,6,7,2
3131,Gül,Sönmez,female,turkish,29,195,1,4,3,0
377,Gül,Sönmez,female,turkish,29,175,5,9,3,1
465,Gül,Sönmez,female,turkish,29,165,3,11,4,5
528,Gül,Sönmez,female,turkish,29,213,5,5,3,4
571,Gül,Sönmez,female,turkish,29,175,2,8,1,2
6,Gül,Sönmez,female,turkish,29,128,2,4,4,3
762,Gül,Sönmez,female,turkish,29,158,2,6,5,3
778,Gül,Sönmez,female,turkish,29,170,4,6,6,3
930,Gül,Sönmez,female,turkish,29,163,3,6,3,1
1416,Hatice,Şeker,female,turkish,39,160,1,6,2,3
1485,Hatice,Şeker,female,turkish,39,145,6,7,5,4
1665,Hatice,Şeker,female,turkish,39,259,8,8,5,2
1737,Hatice,Şeker,female,turkish,39,174,4,10,3,0
176,Hatice,Şeker,female,turkish,39,187,2,9,3,4
1871,Hatice,Şeker,female,turkish,39,182,2,13,0,3
1885,Hatice,Şeker,female,turkish,39,190,5,11,1,0
201,Hatice,Şeker,female,turkish,39,222,5,20,4,3
2100,Hatice,Şeker,female,turkish,39,151,1,7,3,3
2147,Hatice,Şeker,female,turkish,39,208,4,8,6,3
2168,Hatice,Şeker,female,turkish,39,174,2,9,5,2
2173,Hatice,Şeker,female,turkish,39,157,4,8,3,1
221,Hatice,Şeker,female,turkish,39,178,5,9,3,4
2566,Hatice,Şeker,female,turkish,39,164,3,6,5,1
2589,Hatice,Şeker,female,turkish,39,213,1,10,3,3
2660,Hatice,Şeker,female,turkish,39,177,2,21,7,3
2793,Hatice,Şeker,female,turkish,39,179,4,4,2,1
2795,Hatice,Şeker,female,turkish,39,225,1,9,4,1
2860,Hatice,Şeker,female,turkish,39,148,1,13,4,3
2927,Hatice,Şeker,female,turkish,39,162,1,5,2,1
307,Hatice,Şeker,female,turkish,39,161,5,3,4,4
3131,Hatice,Şeker,female,turkish,39,171,1,4,4,1
377,Hatice,Şeker,female,turkish,39,179,2,12,2,1
465,Hatice,Şeker,female,turkish,39,179,2,10,3,4
528,Hatice,Şeker,female,turkish,39,211,5,6,2,1
571,Hatice,Şeker,female,turkish,39,164,3,4,3,0
6,Hatice,Şeker,female,turkish,39,114,2,5,1,1
762,Hatice,Şeker,female,turkish,39,166,2,7,7,3
778,Hatice,Şeker,female,turkish,39,136,4,6,4,1
930,Hatice,Şeker,female,turkish,39,213,1,5,3,5
1416,Havva,Eren,female,turkish,21,154,1,9,3,4
1485,Havva,Eren,female,turkish,21,196,5,10,5,3
1665,Havva,Eren,female,turkish,21,256,10,12,4,2
1737,Havva,Eren,female,turkish,21,168,5,8,3,3
176,Havva,Eren,female,turkish,21,183,4,7,5,4
1871,Havva,Eren,female,turkish,21,175,5,10,8,5
1885,Havva,Eren,female,turkish,21,155,5,11,3,1
201,Havva,Eren,female,turkish,21,205,3,15,5,6
2100,Havva,Eren,female,turkish,21,180,3,6,4,3
2147,Havva,Eren,female,turkish,21,183,1,7,3,3
2168,Havva,Eren,female,turkish,21,181,2,8,4,7
2173,Havva,Eren,female,turkish,21,197,4,9,5,0
221,Havva,Eren,female,turkish,21,164,8,5,4,1
2566,Havva,Eren,female,turkish,21,165,3,9,5,2
2589,Havva,Eren,female,turkish,21,194,4,9,7,4
2660,Havva,Eren,female,turkish,21,168,1,16,3,2
2793,Havva,Eren,female,turkish,21,190,2,5,4,2
2795,Havva,Eren,female,turkish,21,171,4,7,5,1
2860,Havva,Eren,female,turkish,21,210,2,16,3,2
2927,Havva,Eren,female,turkish,21,202,2,5,4,4
307,Havva,Eren,female,turkish,21,156,3,7,5,3
3131,Havva,Eren,female,turkish,21,187,1,8,1,0
377,Havva,Eren,female,turkish,21,199,5,10,3,2
465,Havva,Eren,female,turkish,21,180,4,8,6,2
528,Havva,Eren,female,turkish,21,178,3,5,2,0
571,Havva,Eren,female,turkish,21,192,3,6,5,3
6,Havva,Eren,female,turkish,21,136,5,8,6,2
762,Havva,Eren,female,turkish,21,177,2,10,10,2
778,Havva,Eren,female,turkish,21,214,5,11,3,2
930,Havva,Eren,female,turkish,21,215,3,7,3,1
1416,Henrik,Kohl,male,german,20,156,1,6,1,2
1485,Henrik,Kohl,male,german,20,166,4,12,3,1
1665,Henrik,Kohl,male,german,20,231,5,7,4,2
1737,Henrik,Kohl,male,german,20,192,5,10,3,1
176,Henrik,Kohl,male,german,20,202,5,10,5,4
1871,Henrik,Kohl,male,german,20,163,0,11,1,2
1885,Henrik,Kohl,male,german,20,188,3,13,2,4
201,Henrik,Kohl,male,german,20,169,4,11,4,3
2100,Henrik,Kohl,male,german,20,168,3,7,2,2
2147,Henrik,Kohl,male,german,20,172,0,5,1,2
2168,Henrik,Kohl,male,german,20,154,2,10,5,4
2173,Henrik,Kohl,male,german,20,180,3,7,3,3
221,Henrik,Kohl,male,german,20,199,4,8,3,0
2566,Henrik,Kohl,male,german,20,158,2,7,3,1
2589,Henrik,Kohl,male,german,20,206,2,8,5,2
2660,Henrik,Kohl,male,german,20,212,4,20,5,4
2793,Henrik,Kohl,male,german,20,195,3,6,5,4
2795,Henrik,Kohl,male,german,20,220,0,10,5,2
2860,Henrik,Kohl,male,german,20,165,4,13,7,5
2927,Henrik,Kohl,male,german,20,185,3,5,6,3
307,Henrik,Kohl,male,german,20,188,3,4,4,4
3131,Henrik,Kohl,male,german,20,184,2,6,1,2
377,Henrik,Kohl,male,german,20,224,5,12,0,2
465,Henrik,Kohl,male,german,20,144,3,7,4,4
528,Henrik,Kohl,male,german,20,173,2,4,0,1
571,Henrik,Kohl,male,german,20,180,3,5,1,2
6,Henrik,Kohl,male,german,20,145,5,8,8,6
762,Henrik,Kohl,male,german,20,174,1,13,8,2
778,Henrik,Kohl,male,german,20,171,6,7,5,3
930,Henrik,Kohl,male,german,20,238,4,5,4,3
1416,Hilal,Akay,female,turkish,37,190,1,6,0,3
1485,Hilal,Akay,female,turkish,37,203,3,6,3,6
1665,Hilal,Akay,female,turkish,37,207,6,8,3,0
1737,Hilal,Akay,female,turkish,37,164,3,5,0,3
176,Hilal,Akay,female,turkish,37,201,4,7,3,6
1871,Hilal,Akay,female,turkish,37,184,5,11,2,2
1885,Hilal,Akay,female,turkish,37,218,4,17,2,0
201,Hilal,Akay,female,turkish,37,163,3,12,2,3
2100,Hilal,Akay,female,turkish,37,186,3,5,8,5
2147,Hilal,Akay,female,turkish,37,175,2,9,5,1
2168,Hilal,Akay,female,turkish,37,160,3,6,6,2
2173,Hilal,Akay,female,turkish,37,211,2,7,2,2
221,Hilal,Akay,female,turkish,37,189,5,8,3,2
2566,Hilal,Akay,female,turkish,37,122,3,7,4,2
2589,Hilal,Akay,female,turkish,37,173,2,7,6,1
2660,Hilal,Akay,female,turkish,37,168,1,21,3,2
2793,Hilal,Akay,female,turkish,37,191,3,5,4,3
2795,Hilal,Akay,female,turkish,37,217,7,12,7,1
2860,Hilal,Akay,female,turkish,37,206,2,22,4,2
2927,Hilal,Akay,female,turkish,37,166,0,4,4,5
307,Hilal,Akay,female,turkish,37,163,6,4,4,3
3131,Hilal,Akay,female,turkish,37,202,2,4,4,3
377,Hilal,Akay,female,turkish,37,200,2,11,0,3
465,Hilal,Akay,female,turkish,37,167,5,10,8,4
528,Hilal,Akay,female,turkish,37,199,3,5,2,0
571,Hilal,Akay,female,turkish,37,232,4,7,4,3
6,Hilal,Akay,female,turkish,37,145,2,9,6,2
762,Hilal,Akay,female,turkish,37,201,3,14,10,4
778,Hilal,Akay,female,turkish,37,185,5,15,3,5
930,Hilal,Akay,female,turkish,37,188,4,5,3,3
1416,Jennifer,Neubauer,female,german,9,172,0,7,3,4
1485,Jennifer,Neubauer,female,german,9,178,2,11,5,2
1665,Jennifer,Neubauer,female,german,9,190,4,13,4,1
1737,Jennifer,Neubauer,female,german,9,179,6,7,2,0
176,Jennifer,Neubauer,female,german,9,170,1,9,2,3
1871,Jennifer,Neubauer,female,german,9,196,6,14,4,1
1885,Jennifer,Neubauer,female,german,9,188,6,11,4,2
201,Jennifer,Neubauer,female,german,9,193,3,12,3,3
2100,Jennifer,Neubauer,female,german,9,200,4,9,4,6
2147,Jennifer,Neubauer,female,german,9,191,3,7,5,2
2168,Jennifer,Neubauer,female,german,9,169,1,7,4,5
2173,Jennifer,Neubauer,female,german,9,177,3,11,6,1
221,Jennifer,Neubauer,female,german,9,222,7,8,6,1
2566,Jennifer,Neubauer,female,german,9,159,3,5,3,4
2589,Jennifer,Neubauer,female,german,9,192,0,8,4,1
2660,Jennifer,Neubauer,female,german,9,183,1,21,2,4
2793,Jennifer,Neubauer,female,german,9,204,1,2,3,2
2795,Jennifer,Neubauer,female,german,9,194,6,11,3,1
2860,Jennifer,Neubauer,female,german,9,176,2,16,4,2
2927,Jennifer,Neubauer,female,german,9,225,4,8,3,3
307,Jennifer,Neubauer,female,german,9,189,8,7,4,2
3131,Jennifer,Neubauer,female,german,9,182,1,9,1,5
377,Jennifer,Neubauer,female,german,9,200,4,7,2,2
465,Jennifer,Neubauer,female,german,9,182,3,7,8,3
528,Jennifer,Neubauer,female,german,9,184,3,8,5,3
571,Jennifer,Neubauer,female,german,9,198,4,12,6,1
6,Jennifer,Neubauer,female,german,9,144,4,10,5,2
762,Jennifer,Neubauer,female,german,9,201,3,8,6,2
778,Jennifer,Neubauer,female,german,9,162,4,9,3,1
930,Jennifer,Neubauer,female,german,9,185,1,3,2,3
1416,Jörg,Engel,male,german,18,155,0,5,0,2
1485,Jörg,Engel,male,german,18,174,6,7,3,4
1665,Jörg,Engel,male,german,18,218,4,11,3,0
1737,Jörg,Engel,male,german,18,181,4,11,4,1
176,Jörg,Engel,male,german,18,215,2,7,5,2
1871,Jörg,Engel,male,german,18,185,1,14,1,2
1885,Jörg,Engel,male,german,18,180,7,15,8,7
201,Jörg,Engel,male,german,18,164,3,14,2,2
2100,Jörg,Engel,male,german,18,190,2,8,6,4
2147,Jörg,Engel,male,german,18,219,4,12,5,3
2168,Jörg,Engel,male,german,18,182,1,7,8,4
2173,Jörg,Engel,male,german,18,203,2,8,6,1
221,Jörg,Engel,male,german,18,200,4,3,3,0
2566,Jörg,Engel,male,german,18,195,4,13,6,1
2589,Jörg,Engel,male,german,18,193,1,9,4,4
2660,Jörg,Engel,male,german,18,149,1,17,3,3
2793,Jörg,Engel,male,german,18,192,3,6,5,2
2795,Jörg,Engel,male,german,18,202,6,7,5,6
2860,Jörg,Engel,male,german,18,231,3,10,7,7
2927,Jörg,Engel,male,german,18,198,2,7,4,2
307,Jörg,Engel,male,german,18,160,4,3,7,5
3131,Jörg,Engel,male,german,18,174,4,7,4,4
377,Jörg,Engel,male,german,18,208,5,13,2,1
465,Jörg,Engel,male,german,18,130,3,6,4,2
528,Jörg,Engel,male,german,18,210,5,9,4,4
571,Jörg,Engel,male,german,18,186,4,9,6,1
6,Jörg,Engel,male,german,18,132,4,11,5,2
762,Jörg,Engel,male,german,18,183,2,8,8,2
778,Jörg,Engel,male,german,18,161,4,6,5,5
930,Jörg,Engel,male,german,18,236,3,13,4,3
1416,Kai,Lindner,male,german,6,170,0,6,3,4
1485,Kai,Lindner,male,german,6,179,4,10,4,3
1665,Kai,Lindner,male,german,6,194,5,7,4,0
1737,Kai,Lindner,male,german,6,145,4,8,2,2
176,Kai,Lindner,male,german,6,208,3,8,3,4
1871,Kai,Lindner,male,german,6,197,1,9,1,4
1885,Kai,Lindner,male,german,6,145,5,9,3,0
201,Kai,Lindner,male,german,6,176,1,15,2,3
2100,Kai,Lindner,male,german,6,177,3,7,5,2
2147,Kai,Lindner,male,german,6,151,4,7,3,2
2168,Kai,Lindner,male,german,6,166,2,9,4,5
2173,Kai,Lindner,male,german,6,184,2,10,1,1
221,Kai,Lindner,male,german,6,187,4,3,6,3
2566,Kai,Lindner,male,german,6,169,3,7,3,3
2589,Kai,Lindner,male,german,6,202,2,11,2,1
2660,Kai,Lindner,male,german,6,160,3,20,3,4
2793,Kai,Lindner,male,german,6,204,3,6,2,4
2795,Kai,Lindner,male,german,6,198,5,12,6,3
2860,Kai,Lindner,male,german,6,260,2,11,4,2
2927,Kai,Lindner,male,german,6,156,1,5,2,3
307,Kai,Lindner,male,german,6,161,5,5,5,3
3131,Kai,Lindner,male,german,6,168,2,7,1,3
377,Kai,Lindner,male,german,6,187,3,9,2,2
465,Kai,Lindner,male,german,6,185,4,11,4,6
528,Kai,Lindner,male,german,6,221,4,9,4,3
571,Kai,Lindner,male,german,6,151,2,4,2,0
6,Kai,Lindner,male,german,6,134,4,11,5,2
762,Kai,Lindner,male,german,6,176,1,6,6,3
778,Kai,Lindner,male,german,6,154,2,8,5,2
930,Kai,Lindner,male,german,6,234,4,6,5,2
1416,Kübra,Ayyildiz,female,turkish,23,181,2,5,3,3
1485,Kübra,Ayyildiz,female,turkish,23,187,5,10,5,2
1665,Kübra,Ayyildiz,female,turkish,23,211,4,10,3,2
1737,Kübra,Ayyildiz,female,turkish,23,168,2,8,2,1
176,Kübra,Ayyildiz,female,turkish,23,212,3,8,6,6
1871,Kübra,Ayyildiz,female,turkish,23,166,1,12,5,4
1885,Kübra,Ayyildiz,female,turkish,23,175,6,12,4,3
201,Kübra,Ayyildiz,female,turkish,23,165,3,14,4,2
2100,Kübra,Ayyildiz,female,turkish,23,181,4,8,5,3
2147,Kübra,Ayyildiz,female,turkish,23,162,3,8,5,1
2168,Kübra,Ayyildiz,female,turkish,23,204,2,11,4,3
2173,Kübra,Ayyildiz,female,turkish,23,163,4,8,2,2
221,Kübra,Ayyildiz,female,turkish,23,165,4,4,4,1
2566,Kübra,Ayyildiz,female,turkish,23,153,3,6,5,1
2589,Kübra,Ayyildiz,female,turkish,23,214,2,8,4,2
2660,Kübra,Ayyildiz,female,turkish,23,174,3,19,6,3
2793,Kübra,Ayyildiz,female,turkish,23,179,1,4,3,4
2795,Kübra,Ayyildiz,female,turkish,23,206,2,18,6,2
2860,Kübra,Ayyildiz,female,turkish,23,202,4,21,7,5
2927,Kübra,Ayyildiz,female,turkish,23,194,3,4,4,3
307,Kübra,Ayyildiz,female,turkish,23,185,6,4,5,2
3131,Kübra,Ayyildiz,female,turkish,23,195,4,10,4,2
377,Kübra,Ayyildiz,female,turkish,23,227,4,9,4,1
465,Kübra,Ayyildiz,female,turkish,23,168,5,5,4,4
528,Kübra,Ayyildiz,female,turkish,23,201,7,3,2,2
571,Kübra,Ayyildiz,female,turkish,23,154,2,7,1,1
6,Kübra,Ayyildiz,female,turkish,23,140,4,12,8,3
762,Kübra,Ayyildiz,female,turkish,23,164,0,8,10,1
778,Kübra,Ayyildiz,female,turkish,23,206,3,10,3,2
930,Kübra,Ayyildiz,female,turkish,23,197,3,5,4,4
1416,Levent,Karakaya,male,turkish,34,166,1,6,3,2
1485,Levent,Karakaya,male,turkish,34,158,2,9,2,3
1665,Levent,Karakaya,male,turkish,34,227,5,9,3,3
1737,Levent,Karakaya,male,turkish,34,142,5,9,3,0
176,Levent,Karakaya,male,turkish,34,201,2,8,3,5
1871,Levent,Karakaya,male,turkish,34,172,1,12,3,1
1885,Levent,Karakaya,male,turkish,34,149,4,11,5,1
201,Levent,Karakaya,male,turkish,34,181,4,11,4,4
2100,Levent,Karakaya,male,turkish,34,178,3,9,5,5
2147,Levent,Karakaya,male,turkish,34,201,2,7,3,3
2168,Levent,Karakaya,male,turkish,34,166,5,6,7,3
2173,Levent,Karakaya,male,turkish,34,184,4,11,3,1
221,Levent,Karakaya,male,turkish,34,166,4,7,3,1
2566,Levent,Karakaya,male,turkish,34,162,2,7,4,4
2589,Levent,Karakaya,male,turkish,34,198,3,8,4,2
2660,Levent,Karakaya,male,turkish,34,171,1,17,4,2
2793,Levent,Karakaya,male,turkish,34,208,1,6,5,3
2795,Levent,Karakaya,male,turkish,34,203,6,5,5,1
2860,Levent,Karakaya,male,turkish,34,139,2,11,3,0
2927,Levent,Karakaya,male,turkish,34,186,3,7,3,2
307,Levent,Karakaya,male,turkish,34,164,7,5,7,3
3131,Levent,Karakaya,male,turkish,34,195,2,9,1,1
377,Levent,Karakaya,male,turkish,34,250,5,12,1,3
465,Levent,Karakaya,male,turkish,34,183,2,8,4,4
528,Levent,Karakaya,male,turkish,34,213,4,6,2,0
571,Levent,Karakaya,male,turkish,34,162,3,8,5,1
6,Levent,Karakaya,male,turkish,34,125,6,11,3,4
762,Levent,Karakaya,male,turkish,34,152,1,14,2,2
778,Levent,Karakaya,male,turkish,34,179,4,13,5,4
930,Levent,Karakaya,male,turkish,34,220,2,4,3,2
1416,Marcel,Popp,male,german,2,182,0,7,1,3
1485,Marcel,Popp,male,german,2,187,4,9,5,2
1665,Marcel,Popp,male,german,2,233,6,10,4,2
1737,Marcel,Popp,male,german,2,172,7,9,2,1
176,Marcel,Popp,male,german,2,182,6,7,8,2
1871,Marcel,Popp,male,german,2,192,2,15,3,3
1885,Marcel,Popp,male,german,2,167,4,15,1,5
201,Marcel,Popp,male,german,2,222,3,11,8,5
2100,Marcel,Popp,male,german,2,172,3,7,4,2
2147,Marcel,Popp,male,german,2,184,3,5,3,4
2168,Marcel,Popp,male,german,2,165,2,7,4,5
2173,Marcel,Popp,male,german,2,141,2,7,1,0
221,Marcel,Popp,male,german,2,175,7,4,4,2
2566,Marcel,Popp,male,german,2,166,2,8,4,0
2589,Marcel,Popp,male,german,2,196,1,10,3,3
2660,Marcel,Popp,male,german,2,169,5,16,5,1
2793,Marcel,Popp,male,german,2,171,3,3,3,2
2795,Marcel,Popp,male,german,2,217,3,16,7,3
2860,Marcel,Popp,male,german,2,182,2,14,2,4
2927,Marcel,Popp,male,german,2,195,2,4,4,2
307,Marcel,Popp,male,german,2,188,5,6,2,3
3131,Marcel,Popp,male,german,2,176,1,2,2,2
377,Marcel,Popp,male,german,2,193,2,14,3,3
465,Marcel,Popp,male,german,2,197,3,5,5,3
528,Marcel,Popp,male,german,2,235,5,5,2,2
571,Marcel,Popp,male,german,2,189,5,7,4,2
6,Marcel,Popp,male,german,2,52,3,1,2,2
762,Marcel,Popp,male,german,2,180,2,10,6,3
778,Marcel,Popp,male,german,2,190,4,9,4,3
930,Marcel,Popp,male,german,2,222,5,6,7,1
1416,Marco,Neubauer,male,german,10,136,2,10,3,2
1485,Marco,Neubauer,male,german,10,172,6,11,6,0
1665,Marco,Neubauer,male,german,10,296,11,10,7,2
1737,Marco,Neubauer,male,german,10,178,5,5,3,1
176,Marco,Neubauer,male,german,10,226,2,8,4,4
1871,Marco,Neubauer,male,german,10,204,3,17,1,3
1885,Marco,Neubauer,male,german,10,187,4,10,4,1
201,Marco,Neubauer,male,german,10,177,4,15,3,2
2100,Marco,Neubauer,male,german,10,157,3,7,4,4
2147,Marco,Neubauer,male,german,10,217,5,7,3,2
2168,Marco,Neubauer,male,german,10,156,2,8,3,3
2173,Marco,Neubauer,male,german,10,247,3,9,5,3
221,Marco,Neubauer,male,german,10,178,6,4,4,3
2566,Marco,Neubauer,male,german,10,127,2,6,3,3
2589,Marco,Neubauer,male,german,10,199,3,7,6,4
2660,Marco,Neubauer,male,german,10,170,2,17,5,4
2793,Marco,Neubauer,male,german,10,184,5,6,6,4
2795,Marco,Neubauer,male,german,10,206,5,8,5,3
2860,Marco,Neubauer,male,german,10,186,2,17,2,3
2927,Marco,Neubauer,male,german,10,164,3,3,4,2
307,Marco,Neubauer,male,german,10,167,8,8,6,2
3131,Marco,Neubauer,male,german,10,199,2,6,3,1
377,Marco,Neubauer,male,german,10,187,2,9,2,4
465,Marco,Neubauer,male,german,10,159,3,5,6,5
528,Marco,Neubauer,male,german,10,177,1,3,1,1
571,Marco,Neubauer,male,german,10,164,4,8,2,2
6,Marco,Neubauer,male,german,10,171,5,12,9,4
762,Marco,Neubauer,male,german,10,160,1,6,5,2
778,Marco,Neubauer,male,german,10,176,6,11,2,3
930,Marco,Neubauer,male,german,10,200,4,7,5,1
1416,Mareen,Stoll,female,german,3,141,2,4,4,3
1485,Mareen,Stoll,female,german,3,151,3,7,2,0
1665,Mareen,Stoll,female,german,3,209,6,14,5,2
1737,Mareen,Stoll,female,german,3,203,7,10,2,1
176,Mareen,Stoll,female,german,3,216,4,10,6,3
1871,Mareen,Stoll,female,german,3,203,2,13,2,2
1885,Mareen,Stoll,female,german,3,171,4,15,2,3
201,Mareen,Stoll,female,german,3,175,2,11,2,3
2100,Mareen,Stoll,female,german,3,187,3,4,5,4
2147,Mareen,Stoll,female,german,3,224,1,8,2,1
2168,Mareen,Stoll,female,german,3,174,3,8,6,4
2173,Mareen,Stoll,female,german,3,153,3,11,0,0
221,Mareen,Stoll,female,german,3,201,4,8,2,1
2566,Mareen,Stoll,female,german,3,180,3,7,4,2
2589,Mareen,Stoll,female,german,3,212,1,11,3,3
2660,Mareen,Stoll,female,german,3,170,3,20,4,4
2793,Mareen,Stoll,female,german,3,202,4,4,4,2
2795,Mareen,Stoll,female,german,3,203,0,13,4,2
2860,Mareen,Stoll,female,german,3,172,4,15,5,4
2927,Mareen,Stoll,female,german,3,172,1,6,5,4
307,Mareen,Stoll,female,german,3,152,3,5,3,2
3131,Mareen,Stoll,female,german,3,208,2,8,1,5
377,Mareen,Stoll,female,german,3,195,4,8,3,1
465,Mareen,Stoll,female,german,3,187,7,10,9,3
528,Mareen,Stoll,female,german,3,194,7,7,1,2
571,Mareen,Stoll,female,german,3,155,3,12,3,2
6,Mareen,Stoll,female,german,3,134,4,8,4,2
762,Mareen,Stoll,female,german,3,164,2,11,9,3
778,Mareen,Stoll,female,german,3,191,7,12,5,1
930,Mareen,Stoll,female,german,3,202,3,8,3,1
1416,Michael,Ackermann,male,german,16,158,0,5,2,3
1485,Michael,Ackermann,male,german,16,180,4,9,5,3
1665,Michael,Ackermann,male,german,16,157,4,4,1,0
1737,Michael,Ackermann,male,german,16,158,5,5,1,2
176,Michael,Ackermann,male,german,16,199,2,6,1,1
1871,Michael,Ackermann,male,german,16,167,4,8,2,1
1885,Michael,Ackermann,male,german,16,211,3,14,5,5
201,Michael,Ackermann,male,german,16,153,3,19,2,1
2100,Michael,Ackermann,male,german,16,174,3,15,4,5
2147,Michael,Ackermann,male,german,16,218,3,9,7,3
2168,Michael,Ackermann,male,german,16,183,3,8,2,2
2173,Michael,Ackermann,male,german,16,186,1,8,3,2
221,Michael,Ackermann,male,german,16,204,5,7,5,2
2566,Michael,Ackermann,male,german,16,180,2,7,5,4
2589,Michael,Ackermann,male,german,16,181,2,7,5,3
2660,Michael,Ackermann,male,german,16,174,3,17,3,4
2793,Michael,Ackermann,male,german,16,196,2,6,6,2
2795,Michael,Ackermann,male,german,16,189,3,8,3,2
2860,Michael,Ackermann,male,german,16,144,3,14,3,1
2927,Michael,Ackermann,male,german,16,168,3,4,4,6
307,Michael,Ackermann,male,german,16,123,4,5,4,2
3131,Michael,Ackermann,male,german,16,188,2,5,3,0
377,Michael,Ackermann,male,german,16,194,4,12,4,2
465,Michael,Ackermann,male,german,16,166,5,6,5,8
528,Michael,Ackermann,male,german,16,222,6,7,6,1
571,Michael,Ackermann,male,german,16,164,3,6,2,1
6,Michael,Ackermann,male,german,16,119,1,7,5,2
762,Michael,Ackermann,male,german,16,217,2,6,9,4
778,Michael,Ackermann,male,german,16,181,5,11,4,4
930,Michael,Ackermann,male,german,16,209,3,7,5,2
1416,Necla,Akman,female,turkish,27,170,1,11,2,1
1485,Necla,Akman,female,turkish,27,156,6,10,3,2
1665,Necla,Akman,female,turkish,27,218,5,11,2,1
1737,Necla,Akman,female,turkish,27,171,4,10,3,0
176,Necla,Akman,female,turkish,27,197,2,12,4,2
1871,Necla,Akman,female,turkish,27,225,6,15,8,4
1885,Necla,Akman,female,turkish,27,213,3,15,4,1
201,Necla,Akman,female,turkish,27,175,2,16,3,2
2100,Necla,Akman,female,turkish,27,174,5,7,5,5
2147,Necla,Akman,female,turkish,27,216,3,9,2,4
2168,Necla,Akman,female,turkish,27,165,3,9,5,4
2173,Necla,Akman,female,turkish,27,179,5,7,2,2
221,Necla,Akman,female,turkish,27,210,4,9,6,2
2566,Necla,Akman,female,turkish,27,138,3,4,2,1
2589,Necla,Akman,female,turkish,27,190,3,10,4,2
2660,Necla,Akman,female,turkish,27,181,2,18,9,4
2793,Necla,Akman,female,turkish,27,213,4,4,4,2
2795,Necla,Akman,female,turkish,27,186,0,14,3,2
2860,Necla,Akman,female,turkish,27,186,3,14,4,3
2927,Necla,Akman,female,turkish,27,199,4,8,5,5
307,Necla,Akman,female,turkish,27,163,5,2,3,4
3131,Necla,Akman,female,turkish,27,220,4,7,3,2
377,Necla,Akman,female,turkish,27,171,5,6,3,2
465,Necla,Akman,female,turkish,27,167,5,6,8,4
528,Necla,Akman,female,turkish,27,202,4,9,3,2
571,Necla,Akman,female,turkish,27,179,2,7,1,1
6,Necla,Akman,female,turkish,27,156,4,14,5,1
762,Necla,Akman,female,turkish,27,162,0,11,7,4
778,Necla,Akman,female,turkish,27,192,4,11,4,7
930,Necla,Akman,female,turkish,27,246,2,6,5,2
1416,Nicole,Engel,female,german,17,158,0,5,2,5
1485,Nicole,Engel,female,german,17,163,3,8,1,3
1665,Nicole,Engel,female,german,17,187,4,6,3,3
1737,Nicole,Engel,female,german,17,195,4,12,8,1
176,Nicole,Engel,female,german,17,181,2,8,2,1
1871,Nicole,Engel,female,german,17,170,3,9,0,3
1885,Nicole,Engel,female,german,17,191,3,18,4,4
201,Nicole,Engel,female,german,17,164,2,10,1,2
2100,Nicole,Engel,female,german,17,197,5,5,3,3
2147,Nicole,Engel,female,german,17,172,3,6,3,4
2168,Nicole,Engel,female,german,17,177,6,10,10,4
2173,Nicole,Engel,female,german,17,187,2,8,4,1
221,Nicole,Engel,female,german,17,214,6,7,6,4
2566,Nicole,Engel,female,german,17,159,3,9,4,2
2589,Nicole,Engel,female,german,17,184,1,6,5,3
2660,Nicole,Engel,female,german,17,158,2,14,5,1
2793,Nicole,Engel,female,german,17,173,1,1,5,3
2795,Nicole,Engel,female,german,17,136,2,6,1,0
2860,Nicole,Engel,female,german,17,203,3,12,3,3
2927,Nicole,Engel,female,german,17,174,3,8,6,1
307,Nicole,Engel,female,german,17,163,3,5,4,4
3131,Nicole,Engel,female,german,17,247,3,11,4,1
377,Nicole,Engel,female,german,17,189,3,8,4,3
465,Nicole,Engel,female,german,17,162,2,5,2,4
528,Nicole,Engel,female,german,17,214,4,5,0,2
571,Nicole,Engel,female,german,17,175,3,5,3,2
6,Nicole,Engel,female,german,17,155,7,8,7,4
762,Nicole,Engel,female,german,17,184,2,11,7,5
778,Nicole,Engel,female,german,17,194,5,6,6,3
930,Nicole,Engel,female,german,17,226,6,5,3,3
1416,Onur,Ayyildiz,male,turkish,24,186,0,8,3,5
1485,Onur,Ayyildiz,male,turkish,24,190,3,7,2,4
1665,Onur,Ayyildiz,male,turkish,24,185,3,7,2,1
1737,Onur,Ayyildiz,male,turkish,24,158,5,4,2,0
176,Onur,Ayyildiz,male,turkish,24,198,5,3,4,1
1871,Onur,Ayyildiz,male,turkish,24,187,5,10,3,2
1885,Onur,Ayyildiz,male,turkish,24,172,4,10,2,1
201,Onur,Ayyildiz,male,turkish,24,174,4,9,5,3
2100,Onur,Ayyildiz,male,turkish,24,157,4,6,5,3
2147,Onur,Ayyildiz,male,turkish,24,181,3,4,6,1
2168,Onur,Ayyildiz,male,turkish,24,162,1,11,3,2
2173,Onur,Ayyildiz,male,turkish,24,197,2,8,4,3
221,Onur,Ayyildiz,male,turkish,24,163,4,8,2,0
2566,Onur,Ayyildiz,male,turkish,24,164,1,7,2,2
2589,Onur,Ayyildiz,male,turkish,24,206,2,11,4,2
2660,Onur,Ayyildiz,male,turkish,24,158,3,19,6,3
2793,Onur,Ayyildiz,male,turkish,24,197,3,4,2,1
2795,Onur,Ayyildiz,male,turkish,24,190,2,3,4,1
2860,Onur,Ayyildiz,male,turkish,24,172,2,14,3,3
2927,Onur,Ayyildiz,male,turkish,24,180,3,5,3,0
307,Onur,Ayyildiz,male,turkish,24,180,8,7,6,2
3131,Onur,Ayyildiz,male,turkish,24,204,3,10,0,2
377,Onur,Ayyildiz,male,turkish,24,205,3,11,6,3
465,Onur,Ayyildiz,male,turkish,24,171,2,9,5,3
528,Onur,Ayyildiz,male,turkish,24,188,3,4,3,1
571,Onur,Ayyildiz,male,turkish,24,169,3,7,3,1
6,Onur,Ayyildiz,male,turkish,24,154,3,9,4,2
762,Onur,Ayyildiz,male,turkish,24,160,2,12,4,3
778,Onur,Ayyildiz,male,turkish,24,161,4,4,4,3
930,Onur,Ayyildiz,male,turkish,24,220,1,6,3,3
1416,Orhan,Turan,male,turkish,26,132,1,3,3,2
1485,Orhan,Turan,male,turkish,26,163,2,11,2,6
1665,Orhan,Turan,male,turkish,26,226,5,13,3,2
1737,Orhan,Turan,male,turkish,26,178,3,9,0,0
176,Orhan,Turan,male,turkish,26,168,2,6,3,3
1871,Orhan,Turan,male,turkish,26,156,1,9,1,4
1885,Orhan,Turan,male,turkish,26,182,7,13,3,1
201,Orhan,Turan,male,turkish,26,196,7,14,7,2
2100,Orhan,Turan,male,turkish,26,174,4,11,5,3
2147,Orhan,Turan,male,turkish,26,211,2,13,6,1
2168,Orhan,Turan,male,turkish,26,181,3,6,6,3
2173,Orhan,Turan,male,turkish,26,209,3,13,3,1
221,Orhan,Turan,male,turkish,26,193,3,5,3,3
2566,Orhan,Turan,male,turkish,26,164,3,5,2,1
2589,Orhan,Turan,male,turkish,26,169,1,13,5,1
2660,Orhan,Turan,male,turkish,26,183,4,20,5,3
2793,Orhan,Turan,male,turkish,26,188,0,6,3,1
2795,Orhan,Turan,male,turkish,26,172,4,8,5,4
2860,Orhan,Turan,male,turkish,26,164,2,14,5,2
2927,Orhan,Turan,male,turkish,26,150,1,7,3,2
307,Orhan,Turan,male,turkish,26,176,4,5,4,2
3131,Orhan,Turan,male,turkish,26,184,3,8,4,2
377,Orhan,Turan,male,turkish,26,206,5,10,4,1
465,Orhan,Turan,male,turkish,26,162,3,6,3,3
528,Orhan,Turan,male,turkish,26,192,3,7,2,0
571,Orhan,Turan,male,turkish,26,162,2,6,5,2
6,Orhan,Turan,male,turkish,26,111,5,8,6,2
762,Orhan,Turan,male,turkish,26,168,3,12,5,4
778,Orhan,Turan,male,turkish,26,177,3,14,6,4
930,Orhan,Turan,male,turkish,26,205,2,3,4,2
1416,Philipp,Stoll,male,german,4,162,0,5,2,2
1485,Philipp,Stoll,male,german,4,178,5,9,5,1
1665,Philipp,Stoll,male,german,4,273,3,10,5,3
1737,Philipp,Stoll,male,german,4,198,6,11,2,1
176,Philipp,Stoll,male,german,4,235,3,8,4,5
1871,Philipp,Stoll,male,german,4,181,4,11,5,3
1885,Philipp,Stoll,male,german,4,211,6,16,6,4
201,Philipp,Stoll,male,german,4,159,6,11,3,4
2100,Philipp,Stoll,male,german,4,161,4,8,3,5
2147,Philipp,Stoll,male,german,4,178,4,4,4,1
2168,Philipp,Stoll,male,german,4,160,3,8,5,3
2173,Philipp,Stoll,male,german,4,174,3,9,4,1
221,Philipp,Stoll,male,german,4,195,4,7,2,3
2566,Philipp,Stoll,male,german,4,184,3,8,5,1
2589,Philipp,Stoll,male,german,4,183,3,7,4,0
2660,Philipp,Stoll,male,german,4,211,3,20,8,3
2793,Philipp,Stoll,male,german,4,187,4,5,2,1
2795,Philipp,Stoll,male,german,4,185,1,10,2,3
2860,Philipp,Stoll,male,german,4,169,2,11,2,2
2927,Philipp,Stoll,male,german,4,195,3,5,2,1
307,Philipp,Stoll,male,german,4,144,3,3,2,2
3131,Philipp,Stoll,male,german,4,169,2,11,3,1
377,Philipp,Stoll,male,german,4,211,5,11,4,2
465,Philipp,Stoll,male,german,4,170,6,9,7,5
528,Philipp,Stoll,male,german,4,194,5,2,3,1
571,Philipp,Stoll,male,german,4,168,5,6,2,1
6,Philipp,Stoll,male,german,4,130,5,12,3,3
762,Philipp,Stoll,male,german,4,160,2,10,9,1
778,Philipp,Stoll,male,german,4,174,4,8,2,3
930,Philipp,Stoll,male,german,4,179,3,4,1,3
1416,Ramona,Popp,female,german,1,165,1,0,2,3
1485,Ramona,Popp,female,german,1,229,4,13,3,4
1665,Ramona,Popp,female,german,1,206,6,5,0,2
1737,Ramona,Popp,female,german,1,197,4,11,3,1
176,Ramona,Popp,female,german,1,188,4,8,6,4
1871,Ramona,Popp,female,german,1,196,4,14,3,2
1885,Ramona,Popp,female,german,1,163,5,12,3,3
201,Ramona,Popp,female,german,1,172,4,8,4,6
2100,Ramona,Popp,female,german,1,193,4,11,4,3
2147,Ramona,Popp,female,german,1,180,4,9,7,2
2168,Ramona,Popp,female,german,1,155,4,11,6,3
2173,Ramona,Popp,female,german,1,188,1,7,1,1
221,Ramona,Popp,female,german,1,176,6,4,6,1
2566,Ramona,Popp,female,german,1,164,4,8,5,1
2589,Ramona,Popp,female,german,1,178,2,13,4,1
2660,Ramona,Popp,female,german,1,170,4,17,5,3
2793,Ramona,Popp,female,german,1,165,2,3,2,2
2795,Ramona,Popp,female,german,1,178,1,9,6,3
2860,Ramona,Popp,female,german,1,152,2,9,4,2
2927,Ramona,Popp,female,german,1,180,2,5,3,1
307,Ramona,Popp,female,german,1,170,2,6,3,2
3131,Ramona,Popp,female,german,1,167,2,5,1,1
377,Ramona,Popp,female,german,1,186,5,9,3,1
465,Ramona,Popp,female,german,1,209,3,7,5,4
528,Ramona,Popp,female,german,1,205,5,5,3,3
571,Ramona,Popp,female,german,1,207,1,8,1,2
6,Ramona,Popp,female,german,1,158,5,11,9,4
762,Ramona,Popp,female,german,1,156,1,7,7,2
778,Ramona,Popp,female,german,1,159,4,8,2,4
930,Ramona,Popp,female,german,1,168,3,7,3,1
1416,Rene,Schmitt,male,german,12,155,1,7,3,4
1485,Rene,Schmitt,male,german,12,157,4,6,3,5
1665,Rene,Schmitt,male,german,12,204,5,7,5,2
1737,Rene,Schmitt,male,german,12,167,3,8,2,3
176,Rene,Schmitt,male,german,12,189,0,8,3,6
1871,Rene,Schmitt,male,german,12,191,6,12,5,1
1885,Rene,Schmitt,male,german,12,171,3,12,3,2
201,Rene,Schmitt,male,german,12,178,2,17,6,4
2100,Rene,Schmitt,male,german,12,158,2,6,4,3
2147,Rene,Schmitt,male,german,12,240,2,8,7,1
2168,Rene,Schmitt,male,german,12,193,2,9,4,6
2173,Rene,Schmitt,male,german,12,190,4,9,5,4
221,Rene,Schmitt,male,german,12,156,5,9,4,2
2566,Rene,Schmitt,male,german,12,176,4,9,4,2
2589,Rene,Schmitt,male,german,12,205,0,8,3,2
2660,Rene,Schmitt,male,german,12,154,3,14,3,1
2793,Rene,Schmitt,male,german,12,202,0,6,5,5
2795,Rene,Schmitt,male,german,12,194,3,9,3,2
2860,Rene,Schmitt,male,german,12,172,0,14,4,3
2927,Rene,Schmitt,male,german,12,207,2,7,3,3
307,Rene,Schmitt,male,german,12,190,7,7,5,3
3131,Rene,Schmitt,male,german,12,216,5,7,5,2
377,Rene,Schmitt,male,german,12,207,4,9,2,4
465,Rene,Schmitt,male,german,12,193,3,10,5,5
528,Rene,Schmitt,male,german,12,163,4,5,3,3
571,Rene,Schmitt,male,german,12,134,2,6,3,2
6,Rene,Schmitt,male,german,12,145,3,3,4,1
762,Rene,Schmitt,male,german,12,121,3,10,3,0
778,Rene,Schmitt,male,german,12,157,5,9,5,2
930,Rene,Schmitt,male,german,12,195,4,3,4,3
1416,Sonja,Ackermann,female,german,15,157,0,8,1,3
1485,Sonja,Ackermann,female,german,15,173,4,8,3,3
1665,Sonja,Ackermann,female,german,15,238,1,9,4,1
1737,Sonja,Ackermann,female,german,15,193,4,9,3,0
176,Sonja,Ackermann,female,german,15,202,4,4,6,6
1871,Sonja,Ackermann,female,german,15,178,4,11,2,2
1885,Sonja,Ackermann,female,german,15,213,5,16,7,3
201,Sonja,Ackermann,female,german,15,175,2,11,1,2
2100,Sonja,Ackermann,female,german,15,166,3,6,3,3
2147,Sonja,Ackermann,female,german,15,193,1,9,5,2
2168,Sonja,Ackermann,female,german,15,169,3,11,6,5
2173,Sonja,Ackermann,female,german,15,195,5,7,4,3
221,Sonja,Ackermann,female,german,15,215,5,8,2,2
2566,Sonja,Ackermann,female,german,15,140,3,5,4,3
2589,Sonja,Ackermann,female,german,15,216,3,13,4,3
2660,Sonja,Ackermann,female,german,15,185,3,12,5,3
2793,Sonja,Ackermann,female,german,15,207,1,6,3,1
2795,Sonja,Ackermann,female,german,15,173,2,10,3,0
2860,Sonja,Ackermann,female,german,15,229,1,13,4,4
2927,Sonja,Ackermann,female,german,15,172,4,5,5,3
307,Sonja,Ackermann,female,german,15,157,4,8,4,3
3131,Sonja,Ackermann,female,german,15,211,4,10,4,2
377,Sonja,Ackermann,female,german,15,193,6,8,2,0
465,Sonja,Ackermann,female,german,15,196,5,10,6,3
528,Sonja,Ackermann,female,german,15,258,8,6,5,3
571,Sonja,Ackermann,female,german,15,169,5,6,5,3
6,Sonja,Ackermann,female,german,15,141,3,8,5,3
762,Sonja,Ackermann,female,german,15,172,2,11,8,3
778,Sonja,Ackermann,female,german,15,171,1,9,3,2
930,Sonja,Ackermann,female,german,15,221,3,9,5,2
1416,Suat,Mutlu,male,turkish,36,180,0,8,2,4
1485,Suat,Mutlu,male,turkish,36,180,4,10,4,4
1665,Suat,Mutlu,male,turkish,36,169,4,10,3,2
1737,Suat,Mutlu,male,turkish,36,181,7,10,1,0
176,Suat,Mutlu,male,turkish,36,183,3,6,5,6
1871,Suat,Mutlu,male,turkish,36,175,3,13,2,1
1885,Suat,Mutlu,male,turkish,36,160,5,14,5,4
201,Suat,Mutlu,male,turkish,36,191,4,15,7,4
2100,Suat,Mutlu,male,turkish,36,161,3,6,8,3
2147,Suat,Mutlu,male,turkish,36,164,2,7,4,4
2168,Suat,Mutlu,male,turkish,36,167,3,5,4,3
2173,Suat,Mutlu,male,turkish,36,189,3,11,3,2
221,Suat,Mutlu,male,turkish,36,176,4,4,2,2
2566,Suat,Mutlu,male,turkish,36,180,2,8,4,1
2589,Suat,Mutlu,male,turkish,36,166,1,8,5,1
2660,Suat,Mutlu,male,turkish,36,178,2,20,4,3
2793,Suat,Mutlu,male,turkish,36,158,3,7,4,1
2795,Suat,Mutlu,male,turkish,36,182,1,6,2,3
2860,Suat,Mutlu,male,turkish,36,208,2,15,7,2
2927,Suat,Mutlu,male,turkish,36,207,2,10,4,4
307,Suat,Mutlu,male,turkish,36,131,6,2,3,4
3131,Suat,Mutlu,male,turkish,36,181,1,6,1,1
377,Suat,Mutlu,male,turkish,36,185,4,13,2,0
465,Suat,Mutlu,male,turkish,36,155,4,9,7,4
528,Suat,Mutlu,male,turkish,36,295,4,9,3,3
571,Suat,Mutlu,male,turkish,36,158,3,5,2,2
6,Suat,Mutlu,male,turkish,36,141,4,11,5,1
762,Suat,Mutlu,male,turkish,36,158,2,11,7,3
778,Suat,Mutlu,male,turkish,36,179,3,9,4,4
930,Suat,Mutlu,male,turkish,36,215,3,6,5,5
1416,Suna,Acar,female,turkish,31,188,0,8,2,3
1485,Suna,Acar,female,turkish,31,156,4,7,3,3
1665,Suna,Acar,female,turkish,31,215,8,7,1,2
1737,Suna,Acar,female,turkish,31,170,3,9,2,1
176,Suna,Acar,female,turkish,31,198,2,6,1,1
1871,Suna,Acar,female,turkish,31,172,4,14,2,1
1885,Suna,Acar,female,turkish,31,128,2,12,3,2
201,Suna,Acar,female,turkish,31,147,5,14,5,6
2100,Suna,Acar,female,turkish,31,157,2,7,4,5
2147,Suna,Acar,female,turkish,31,178,4,7,7,4
2168,Suna,Acar,female,turkish,31,148,1,5,6,3
2173,Suna,Acar,female,turkish,31,171,2,7,5,2
221,Suna,Acar,female,turkish,31,207,8,11,4,2
2566,Suna,Acar,female,turkish,31,152,2,5,4,1
2589,Suna,Acar,female,turkish,31,176,3,11,4,2
2660,Suna,Acar,female,turkish,31,176,1,17,4,8
2793,Suna,Acar,female,turkish,31,193,2,6,4,3
2795,Suna,Acar,female,turkish,31,174,3,10,6,1
2860,Suna,Acar,female,turkish,31,206,2,18,3,1
2927,Suna,Acar,female,turkish,31,226,3,5,4,3
307,Suna,Acar,female,turkish,31,167,6,5,3,4
3131,Suna,Acar,female,turkish,31,199,2,7,4,2
377,Suna,Acar,female,turkish,31,221,3,10,5,2
465,Suna,Acar,female,turkish,31,168,3,6,4,5
528,Suna,Acar,female,turkish,31,254,9,8,5,4
571,Suna,Acar,female,turkish,31,174,3,7,4,2
6,Suna,Acar,female,turkish,31,122,4,10,4,2
762,Suna,Acar,female,turkish,31,162,1,13,7,4
778,Suna,Acar,female,turkish,31,178,6,7,5,2
930,Suna,Acar,female,turkish,31,231,6,9,4,2
1416,Ute,Schmitt,female,german,11,160,0,4,1,5
1485,Ute,Schmitt,female,german,11,169,5,13,3,2
1665,Ute,Schmitt,female,german,11,183,8,10,5,1
1737,Ute,Schmitt,female,german,11,164,2,6,1,1
176,Ute,Schmitt,female,german,11,178,2,8,2,3
1871,Ute,Schmitt,female,german,11,184,3,11,5,2
1885,Ute,Schmitt,female,german,11,172,4,9,4,2
201,Ute,Schmitt,female,german,11,160,2,10,1,2
2100,Ute,Schmitt,female,german,11,150,3,7,4,4
2147,Ute,Schmitt,female,german,11,189,5,8,5,1
2168,Ute,Schmitt,female,german,11,183,2,10,5,4
2173,Ute,Schmitt,female,german,11,192,4,10,3,1
221,Ute,Schmitt,female,german,11,186,6,8,7,1
2566,Ute,Schmitt,female,german,11,172,2,7,4,0
2589,Ute,Schmitt,female,german,11,190,1,8,5,3
2660,Ute,Schmitt,female,german,11,180,2,18,8,4
2793,Ute,Schmitt,female,german,11,203,6,2,6,2
2795,Ute,Schmitt,female,german,11,172,4,12,3,4
2860,Ute,Schmitt,female,german,11,181,1,11,2,2
2927,Ute,Schmitt,female,german,11,185,3,8,3,4
307,Ute,Schmitt,female,german,11,172,4,5,3,2
3131,Ute,Schmitt,female,german,11,199,5,5,3,0
377,Ute,Schmitt,female,german,11,217,8,11,5,3
465,Ute,Schmitt,female,german,11,175,1,7,5,5
528,Ute,Schmitt,female,german,11,186,3,6,3,1
571,Ute,Schmitt,female,german,11,185,3,8,3,2
6,Ute,Schmitt,female,german,11,139,5,9,8,5
762,Ute,Schmitt,female,german,11,157,2,6,6,4
778,Ute,Schmitt,female,german,11,166,4,7,3,5
930,Ute,Schmitt,female,german,11,177,1,6,3,2
1416,Yunus,Sönmez,male,turkish,30,155,2,5,4,5
1485,Yunus,Sönmez,male,turkish,30,172,4,9,5,1
1665,Yunus,Sönmez,male,turkish,30,186,6,10,3,3
1737,Yunus,Sönmez,male,turkish,30,161,6,8,1,0
176,Yunus,Sönmez,male,turkish,30,188,2,6,5,1
1871,Yunus,Sönmez,male,turkish,30,196,2,10,3,3
1885,Yunus,Sönmez,male,turkish,30,137,3,8,3,0
201,Yunus,Sönmez,male,turkish,30,169,2,14,6,3
2100,Yunus,Sönmez,male,turkish,30,161,3,8,3,1
2147,Yunus,Sönmez,male,turkish,30,197,1,12,4,0
2168,Yunus,Sönmez,male,turkish,30,181,2,10,5,3
2173,Yunus,Sönmez,male,turkish,30,179,3,7,2,1
221,Yunus,Sönmez,male,turkish,30,181,2,7,4,1
2566,Yunus,Sönmez,male,turkish,30,191,4,6,6,2
2589,Yunus,Sönmez,male,turkish,30,207,4,6,6,2
2660,Yunus,Sönmez,male,turkish,30,159,3,17,7,3
2793,Yunus,Sönmez,male,turkish,30,189,5,4,3,2
2795,Yunus,Sönmez,male,turkish,30,193,3,8,7,1
2860,Yunus,Sönmez,male,turkish,30,176,2,17,5,4
2927,Yunus,Sönmez,male,turkish,30,145,1,3,2,1
307,Yunus,Sönmez,male,turkish,30,167,4,5,4,1
3131,Yunus,Sönmez,male,turkish,30,210,3,8,3,0
377,Yunus,Sönmez,male,turkish,30,173,3,6,1,2
465,Yunus,Sönmez,male,turkish,30,143,4,5,5,4
528,Yunus,Sönmez,male,turkish,30,239,5,9,4,2
571,Yunus,Sönmez,male,turkish,30,188,4,3,4,1
6,Yunus,Sönmez,male,turkish,30,160,5,7,6,2
762,Yunus,Sönmez,male,turkish,30,184,0,10,5,4
778,Yunus,Sönmez,male,turkish,30,44,2,2,2,1
930,Yunus,Sönmez,male,turkish,30,202,3,8,4,1
1416,Özlem,Mutlu,female,turkish,35,164,0,4,0,1
1485,Özlem,Mutlu,female,turkish,35,195,7,7,5,5
1665,Özlem,Mutlu,female,turkish,35,205,3,7,4,1
1737,Özlem,Mutlu,female,turkish,35,175,5,6,3,0
176,Özlem,Mutlu,female,turkish,35,187,3,4,4,1
1871,Özlem,Mutlu,female,turkish,35,207,4,18,5,3
1885,Özlem,Mutlu,female,turkish,35,180,6,14,3,2
201,Özlem,Mutlu,female,turkish,35,173,7,14,4,3
2100,Özlem,Mutlu,female,turkish,35,156,2,9,2,3
2147,Özlem,Mutlu,female,turkish,35,183,2,9,5,5
2168,Özlem,Mutlu,female,turkish,35,172,3,7,9,2
2173,Özlem,Mutlu,female,turkish,35,184,3,7,2,1
221,Özlem,Mutlu,female,turkish,35,178,4,5,4,1
2566,Özlem,Mutlu,female,turkish,35,189,4,7,4,4
2589,Özlem,Mutlu,female,turkish,35,185,3,7,3,2
2660,Özlem,Mutlu,female,turkish,35,198,3,22,6,2
2793,Özlem,Mutlu,female,turkish,35,203,3,5,3,3
2795,Özlem,Mutlu,female,turkish,35,173,3,10,5,1
2860,Özlem,Mutlu,female,turkish,35,204,1,17,2,1
2927,Özlem,Mutlu,female,turkish,35,179,5,8,6,2
307,Özlem,Mutlu,female,turkish,35,168,6,4,5,3
3131,Özlem,Mutlu,female,turkish,35,188,2,11,0,2
377,Özlem,Mutlu,female,turkish,35,184,3,11,4,4
465,Özlem,Mutlu,female,turkish,35,166,6,11,7,6
528,Özlem,Mutlu,female,turkish,35,180,4,4,4,2
571,Özlem,Mutlu,female,turkish,35,175,3,10,6,3
6,Özlem,Mutlu,female,turkish,35,129,3,10,5,3
762,Özlem,Mutlu,female,turkish,35,209,5,15,9,2
778,Özlem,Mutlu,female,turkish,35,166,7,8,5,1
930,Özlem,Mutlu,female,turkish,35,187,1,7,2,1
1416,Şahin,Acar,male,turkish,32,191,0,8,0,6
1485,Şahin,Acar,male,turkish,32,170,8,11,3,2
1665,Şahin,Acar,male,turkish,32,211,4,5,2,1
1737,Şahin,Acar,male,turkish,32,185,2,11,2,1
176,Şahin,Acar,male,turkish,32,190,1,10,5,4
1871,Şahin,Acar,male,turkish,32,160,2,6,3,1
1885,Şahin,Acar,male,turkish,32,182,4,11,6,5
201,Şahin,Acar,male,turkish,32,186,4,20,5,5
2100,Şahin,Acar,male,turkish,32,186,2,5,2,3
2147,Şahin,Acar,male,turkish,32,171,2,9,2,1
2168,Şahin,Acar,male,turkish,32,190,4,13,4,2
2173,Şahin,Acar,male,turkish,32,166,5,4,1,1
221,Şahin,Acar,male,turkish,32,192,3,5,1,3
2566,Şahin,Acar,male,turkish,32,168,4,6,6,2
2589,Şahin,Acar,male,turkish,32,203,1,7,3,2
2660,Şahin,Acar,male,turkish,32,179,3,18,5,1
2793,Şahin,Acar,male,turkish,32,172,1,3,1,4
2795,Şahin,Acar,male,turkish,32,149,2,6,2,1
2860,Şahin,Acar,male,turkish,32,171,2,18,5,4
2927,Şahin,Acar,male,turkish,32,216,4,10,5,6
307,Şahin,Acar,male,turkish,32,194,4,6,5,3
3131,Şahin,Acar,male,turkish,32,218,2,7,3,2
377,Şahin,Acar,male,turkish,32,187,4,9,3,3
465,Şahin,Acar,male,turkish,32,161,4,4,3,2
528,Şahin,Acar,male,turkish,32,185,3,6,2,1
571,Şahin,Acar,male,turkish,32,185,2,10,2,3
6,Şahin,Acar,male,turkish,32,103,4,8,7,4
762,Şahin,Acar,male,turkish,32,155,4,10,9,2
778,Şahin,Acar,male,turkish,32,179,4,4,9,2
930,Şahin,Acar,male,turkish,32,219,5,6,2,1
