"profile_id","first_name","last_name","gender","ethnicity","name_ID","tokens","agentic_count","communal_count"
1416,"Adem","Şeker","male","turkish",40,346,5,9
1485,"Adem","Şeker","male","turkish",40,332,3,8
1665,"Adem","Şeker","male","turkish",40,355,4,7
1737,"Adem","Şeker","male","turkish",40,447,5,16
176,"Adem","Şeker","male","turkish",40,394,3,11
1871,"Adem","Şeker","male","turkish",40,347,3,18
1885,"Adem","Şeker","male","turkish",40,275,4,15
201,"Adem","Şeker","male","turkish",40,356,4,15
2100,"Adem","Şeker","male","turkish",40,281,1,11
2147,"Adem","Şeker","male","turkish",40,335,3,12
2168,"Adem","Şeker","male","turkish",40,309,2,8
2173,"Adem","Şeker","male","turkish",40,320,4,2
221,"Adem","Şeker","male","turkish",40,323,2,5
2566,"Adem","Şeker","male","turkish",40,289,0,7
2589,"Adem","Şeker","male","turkish",40,1,0,0
2660,"Adem","Şeker","male","turkish",40,1,0,0
2793,"Adem","Şeker","male","turkish",40,408,4,10
2795,"Adem","Şeker","male","turkish",40,326,4,9
2860,"Adem","Şeker","male","turkish",40,319,3,21
2927,"Adem","Şeker","male","turkish",40,388,1,9
307,"Adem","Şeker","male","turkish",40,441,12,8
3131,"Adem","Şeker","male","turkish",40,383,6,15
377,"Adem","Şeker","male","turkish",40,532,7,24
465,"Adem","Şeker","male","turkish",40,508,4,16
528,"Adem","Şeker","male","turkish",40,318,3,11
571,"Adem","Şeker","male","turkish",40,441,7,12
6,"Adem","Şeker","male","turkish",40,276,6,10
762,"Adem","Şeker","male","turkish",40,379,3,15
778,"Adem","Şeker","male","turkish",40,370,4,18
930,"Adem","Şeker","male","turkish",40,361,4,8
1416,"Ahmet","Akay","male","turkish",38,346,6,6
1485,"Ahmet","Akay","male","turkish",38,382,5,15
1665,"Ahmet","Akay","male","turkish",38,355,6,7
1737,"Ahmet","Akay","male","turkish",38,286,3,8
176,"Ahmet","Akay","male","turkish",38,376,1,18
1871,"Ahmet","Akay","male","turkish",38,320,4,17
1885,"Ahmet","Akay","male","turkish",38,1,0,0
201,"Ahmet","Akay","male","turkish",38,332,6,14
2100,"Ahmet","Akay","male","turkish",38,420,4,11
2147,"Ahmet","Akay","male","turkish",38,315,4,11
2168,"Ahmet","Akay","male","turkish",38,332,2,7
2173,"Ahmet","Akay","male","turkish",38,440,7,17
221,"Ahmet","Akay","male","turkish",38,356,5,10
2566,"Ahmet","Akay","male","turkish",38,331,1,6
2589,"Ahmet","Akay","male","turkish",38,301,4,10
2660,"Ahmet","Akay","male","turkish",38,356,4,31
2793,"Ahmet","Akay","male","turkish",38,310,2,9
2795,"Ahmet","Akay","male","turkish",38,299,6,13
2860,"Ahmet","Akay","male","turkish",38,393,5,25
2927,"Ahmet","Akay","male","turkish",38,439,6,14
307,"Ahmet","Akay","male","turkish",38,315,3,10
3131,"Ahmet","Akay","male","turkish",38,333,4,14
377,"Ahmet","Akay","male","turkish",38,412,10,14
465,"Ahmet","Akay","male","turkish",38,524,6,14
528,"Ahmet","Akay","male","turkish",38,403,5,10
571,"Ahmet","Akay","male","turkish",38,332,0,11
6,"Ahmet","Akay","male","turkish",38,354,9,19
762,"Ahmet","Akay","male","turkish",38,269,3,17
778,"Ahmet","Akay","male","turkish",38,278,5,9
930,"Ahmet","Akay","male","turkish",38,386,7,8
1416,"Angelika","Kohl","female","german",19,375,5,14
1485,"Angelika","Kohl","female","german",19,415,8,14
1665,"Angelika","Kohl","female","german",19,298,4,10
1737,"Angelika","Kohl","female","german",19,357,6,13
176,"Angelika","Kohl","female","german",19,437,2,10
1871,"Angelika","Kohl","female","german",19,1,0,0
1885,"Angelika","Kohl","female","german",19,1,0,0
201,"Angelika","Kohl","female","german",19,356,5,13
2100,"Angelika","Kohl","female","german",19,361,4,11
2147,"Angelika","Kohl","female","german",19,1,0,0
2168,"Angelika","Kohl","female","german",19,303,5,14
2173,"Angelika","Kohl","female","german",19,302,9,6
221,"Angelika","Kohl","female","german",19,383,6,5
2566,"Angelika","Kohl","female","german",19,370,1,15
2589,"Angelika","Kohl","female","german",19,363,0,14
2660,"Angelika","Kohl","female","german",19,374,5,22
2793,"Angelika","Kohl","female","german",19,386,2,8
2795,"Angelika","Kohl","female","german",19,340,6,11
2860,"Angelika","Kohl","female","german",19,406,2,27
2927,"Angelika","Kohl","female","german",19,368,7,15
307,"Angelika","Kohl","female","german",19,334,7,5
3131,"Angelika","Kohl","female","german",19,309,5,10
377,"Angelika","Kohl","female","german",19,445,6,21
465,"Angelika","Kohl","female","german",19,314,8,12
528,"Angelika","Kohl","female","german",19,375,7,8
571,"Angelika","Kohl","female","german",19,397,4,7
6,"Angelika","Kohl","female","german",19,336,8,21
762,"Angelika","Kohl","female","german",19,281,4,17
778,"Angelika","Kohl","female","german",19,339,7,16
930,"Angelika","Kohl","female","german",19,381,6,7
1416,"Britta","Kern","female","german",7,368,4,15
1485,"Britta","Kern","female","german",7,332,10,11
1665,"Britta","Kern","female","german",7,1,0,0
1737,"Britta","Kern","female","german",7,397,8,14
176,"Britta","Kern","female","german",7,332,1,6
1871,"Britta","Kern","female","german",7,390,1,18
1885,"Britta","Kern","female","german",7,333,7,19
201,"Britta","Kern","female","german",7,406,3,18
2100,"Britta","Kern","female","german",7,315,3,9
2147,"Britta","Kern","female","german",7,366,7,16
2168,"Britta","Kern","female","german",7,365,3,14
2173,"Britta","Kern","female","german",7,358,5,17
221,"Britta","Kern","female","german",7,337,1,9
2566,"Britta","Kern","female","german",7,346,1,12
2589,"Britta","Kern","female","german",7,317,1,16
2660,"Britta","Kern","female","german",7,325,4,25
2793,"Britta","Kern","female","german",7,354,5,9
2795,"Britta","Kern","female","german",7,365,8,10
2860,"Britta","Kern","female","german",7,1,0,0
2927,"Britta","Kern","female","german",7,383,7,11
307,"Britta","Kern","female","german",7,356,8,9
3131,"Britta","Kern","female","german",7,406,5,17
377,"Britta","Kern","female","german",7,381,9,11
465,"Britta","Kern","female","german",7,295,2,5
528,"Britta","Kern","female","german",7,362,7,8
571,"Britta","Kern","female","german",7,296,5,6
6,"Britta","Kern","female","german",7,272,8,10
762,"Britta","Kern","female","german",7,347,7,23
778,"Britta","Kern","female","german",7,338,5,11
930,"Britta","Kern","female","german",7,466,5,14
1416,"Cansu","Turan","female","turkish",25,306,2,9
1485,"Cansu","Turan","female","turkish",25,357,11,11
1665,"Cansu","Turan","female","turkish",25,393,8,8
1737,"Cansu","Turan","female","turkish",25,311,5,14
176,"Cansu","Turan","female","turkish",25,364,1,9
1871,"Cansu","Turan","female","turkish",25,437,7,23
1885,"Cansu","Turan","female","turkish",25,274,2,8
201,"Cansu","Turan","female","turkish",25,261,4,26
2100,"Cansu","Turan","female","turkish",25,399,5,9
2147,"Cansu","Turan","female","turkish",25,423,6,18
2168,"Cansu","Turan","female","turkish",25,344,5,12
2173,"Cansu","Turan","female","turkish",25,344,4,13
221,"Cansu","Turan","female","turkish",25,424,8,12
2566,"Cansu","Turan","female","turkish",25,321,2,13
2589,"Cansu","Turan","female","turkish",25,394,3,13
2660,"Cansu","Turan","female","turkish",25,351,3,22
2793,"Cansu","Turan","female","turkish",25,372,4,6
2795,"Cansu","Turan","female","turkish",25,337,5,19
2860,"Cansu","Turan","female","turkish",25,337,4,10
2927,"Cansu","Turan","female","turkish",25,282,4,3
307,"Cansu","Turan","female","turkish",25,390,9,15
3131,"Cansu","Turan","female","turkish",25,388,3,12
377,"Cansu","Turan","female","turkish",25,368,8,13
465,"Cansu","Turan","female","turkish",25,383,2,11
528,"Cansu","Turan","female","turkish",25,377,10,4
571,"Cansu","Turan","female","turkish",25,415,9,12
6,"Cansu","Turan","female","turkish",25,256,6,14
762,"Cansu","Turan","female","turkish",25,344,2,15
778,"Cansu","Turan","female","turkish",25,293,1,5
930,"Cansu","Turan","female","turkish",25,417,3,9
1416,"Carina","Lindner","female","german",5,304,1,8
1485,"Carina","Lindner","female","german",5,312,4,8
1665,"Carina","Lindner","female","german",5,463,7,9
1737,"Carina","Lindner","female","german",5,358,2,8
176,"Carina","Lindner","female","german",5,394,2,15
1871,"Carina","Lindner","female","german",5,325,4,16
1885,"Carina","Lindner","female","german",5,363,8,19
201,"Carina","Lindner","female","german",5,362,8,19
2100,"Carina","Lindner","female","german",5,1,0,0
2147,"Carina","Lindner","female","german",5,342,5,14
2168,"Carina","Lindner","female","german",5,334,6,10
2173,"Carina","Lindner","female","german",5,352,8,10
221,"Carina","Lindner","female","german",5,1,0,0
2566,"Carina","Lindner","female","german",5,407,3,13
2589,"Carina","Lindner","female","german",5,403,4,14
2660,"Carina","Lindner","female","german",5,302,3,21
2793,"Carina","Lindner","female","german",5,348,2,9
2795,"Carina","Lindner","female","german",5,396,7,17
2860,"Carina","Lindner","female","german",5,365,4,29
2927,"Carina","Lindner","female","german",5,455,7,9
307,"Carina","Lindner","female","german",5,317,6,9
3131,"Carina","Lindner","female","german",5,516,3,18
377,"Carina","Lindner","female","german",5,345,4,15
465,"Carina","Lindner","female","german",5,377,5,10
528,"Carina","Lindner","female","german",5,329,5,15
571,"Carina","Lindner","female","german",5,382,6,10
6,"Carina","Lindner","female","german",5,217,6,11
762,"Carina","Lindner","female","german",5,302,6,21
778,"Carina","Lindner","female","german",5,365,7,14
930,"Carina","Lindner","female","german",5,332,2,7
1416,"Daniel","Kuhn","male","german",14,378,5,13
1485,"Daniel","Kuhn","male","german",14,390,9,11
1665,"Daniel","Kuhn","male","german",14,393,9,9
1737,"Daniel","Kuhn","male","german",14,395,3,7
176,"Daniel","Kuhn","male","german",14,365,3,9
1871,"Daniel","Kuhn","male","german",14,400,4,14
1885,"Daniel","Kuhn","male","german",14,283,5,18
201,"Daniel","Kuhn","male","german",14,367,11,28
2100,"Daniel","Kuhn","male","german",14,298,9,10
2147,"Daniel","Kuhn","male","german",14,301,3,11
2168,"Daniel","Kuhn","male","german",14,377,14,12
2173,"Daniel","Kuhn","male","german",14,365,5,8
221,"Daniel","Kuhn","male","german",14,349,5,7
2566,"Daniel","Kuhn","male","german",14,286,1,8
2589,"Daniel","Kuhn","male","german",14,358,1,18
2660,"Daniel","Kuhn","male","german",14,330,7,21
2793,"Daniel","Kuhn","male","german",14,353,3,7
2795,"Daniel","Kuhn","male","german",14,366,7,11
2860,"Daniel","Kuhn","male","german",14,355,1,30
2927,"Daniel","Kuhn","male","german",14,345,6,5
307,"Daniel","Kuhn","male","german",14,306,9,10
3131,"Daniel","Kuhn","male","german",14,446,3,12
377,"Daniel","Kuhn","male","german",14,295,7,9
465,"Daniel","Kuhn","male","german",14,418,4,20
528,"Daniel","Kuhn","male","german",14,360,3,6
571,"Daniel","Kuhn","male","german",14,340,1,9
6,"Daniel","Kuhn","male","german",14,304,7,15
762,"Daniel","Kuhn","male","german",14,352,4,17
778,"Daniel","Kuhn","male","german",14,372,7,11
930,"Daniel","Kuhn","male","german",14,356,1,7
1416,"Daniela","Kuhn","female","german",13,320,5,8
1485,"Daniela","Kuhn","female","german",13,365,10,12
1665,"Daniela","Kuhn","female","german",13,419,7,8
1737,"Daniela","Kuhn","female","german",13,332,7,12
176,"Daniela","Kuhn","female","german",13,431,2,14
1871,"Daniela","Kuhn","female","german",13,1,0,0
1885,"Daniela","Kuhn","female","german",13,411,9,22
201,"Daniela","Kuhn","female","german",13,340,5,15
2100,"Daniela","Kuhn","female","german",13,300,2,16
2147,"Daniela","Kuhn","female","german",13,414,8,15
2168,"Daniela","Kuhn","female","german",13,310,9,9
2173,"Daniela","Kuhn","female","german",13,309,4,11
221,"Daniela","Kuhn","female","german",13,322,4,11
2566,"Daniela","Kuhn","female","german",13,253,4,10
2589,"Daniela","Kuhn","female","german",13,359,0,11
2660,"Daniela","Kuhn","female","german",13,283,1,21
2793,"Daniela","Kuhn","female","german",13,358,3,6
2795,"Daniela","Kuhn","female","german",13,322,4,13
2860,"Daniela","Kuhn","female","german",13,321,2,18
2927,"Daniela","Kuhn","female","german",13,399,4,15
307,"Daniela","Kuhn","female","german",13,351,10,8
3131,"Daniela","Kuhn","female","german",13,1,0,0
377,"Daniela","Kuhn","female","german",13,347,6,14
465,"Daniela","Kuhn","female","german",13,310,6,10
528,"Daniela","Kuhn","female","german",13,403,6,8
571,"Daniela","Kuhn","female","german",13,426,7,6
6,"Daniela","Kuhn","female","german",13,275,6,13
762,"Daniela","Kuhn","female","german",13,317,6,14
778,"Daniela","Kuhn","female","german",13,440,4,11
930,"Daniela","Kuhn","female","german",13,460,6,12
1416,"Dilek","Karakaya","female","turkish",33,305,6,8
1485,"Dilek","Karakaya","female","turkish",33,310,5,13
1665,"Dilek","Karakaya","female","turkish",33,388,4,14
1737,"Dilek","Karakaya","female","turkish",33,357,7,13
176,"Dilek","Karakaya","female","turkish",33,446,4,14
1871,"Dilek","Karakaya","female","turkish",33,366,8,17
1885,"Dilek","Karakaya","female","turkish",33,389,4,23
201,"Dilek","Karakaya","female","turkish",33,365,6,20
2100,"Dilek","Karakaya","female","turkish",33,308,3,8
2147,"Dilek","Karakaya","female","turkish",33,362,1,10
2168,"Dilek","Karakaya","female","turkish",33,338,6,11
2173,"Dilek","Karakaya","female","turkish",33,440,6,21
221,"Dilek","Karakaya","female","turkish",33,383,6,10
2566,"Dilek","Karakaya","female","turkish",33,284,2,9
2589,"Dilek","Karakaya","female","turkish",33,380,3,18
2660,"Dilek","Karakaya","female","turkish",33,349,4,24
2793,"Dilek","Karakaya","female","turkish",33,413,6,8
2795,"Dilek","Karakaya","female","turkish",33,421,7,25
2860,"Dilek","Karakaya","female","turkish",33,394,4,24
2927,"Dilek","Karakaya","female","turkish",33,403,5,20
307,"Dilek","Karakaya","female","turkish",33,320,8,10
3131,"Dilek","Karakaya","female","turkish",33,406,5,8
377,"Dilek","Karakaya","female","turkish",33,375,8,10
465,"Dilek","Karakaya","female","turkish",33,416,7,16
528,"Dilek","Karakaya","female","turkish",33,283,1,7
571,"Dilek","Karakaya","female","turkish",33,343,5,6
6,"Dilek","Karakaya","female","turkish",33,204,5,8
762,"Dilek","Karakaya","female","turkish",33,332,3,26
778,"Dilek","Karakaya","female","turkish",33,231,2,12
930,"Dilek","Karakaya","female","turkish",33,369,8,7
1416,"Emre","Eren","male","turkish",22,317,4,8
1485,"Emre","Eren","male","turkish",22,370,8,10
1665,"Emre","Eren","male","turkish",22,487,7,7
1737,"Emre","Eren","male","turkish",22,393,5,13
176,"Emre","Eren","male","turkish",22,359,1,6
1871,"Emre","Eren","male","turkish",22,372,4,20
1885,"Emre","Eren","male","turkish",22,392,13,16
201,"Emre","Eren","male","turkish",22,324,5,24
2100,"Emre","Eren","male","turkish",22,418,3,10
2147,"Emre","Eren","male","turkish",22,346,9,9
2168,"Emre","Eren","male","turkish",22,380,7,15
2173,"Emre","Eren","male","turkish",22,379,3,15
221,"Emre","Eren","male","turkish",22,281,3,7
2566,"Emre","Eren","male","turkish",22,312,1,8
2589,"Emre","Eren","male","turkish",22,410,1,13
2660,"Emre","Eren","male","turkish",22,303,6,31
2793,"Emre","Eren","male","turkish",22,378,6,7
2795,"Emre","Eren","male","turkish",22,373,12,21
2860,"Emre","Eren","male","turkish",22,413,4,26
2927,"Emre","Eren","male","turkish",22,367,9,10
307,"Emre","Eren","male","turkish",22,354,6,6
3131,"Emre","Eren","male","turkish",22,351,3,9
377,"Emre","Eren","male","turkish",22,473,5,11
465,"Emre","Eren","male","turkish",22,405,5,12
528,"Emre","Eren","male","turkish",22,264,10,4
571,"Emre","Eren","male","turkish",22,392,3,10
6,"Emre","Eren","male","turkish",22,288,5,15
762,"Emre","Eren","male","turkish",22,340,4,18
778,"Emre","Eren","male","turkish",22,310,3,14
930,"Emre","Eren","male","turkish",22,352,1,0
1416,"Fabian","Kern","male","german",8,309,5,8
1485,"Fabian","Kern","male","german",8,294,8,9
1665,"Fabian","Kern","male","german",8,353,3,5
1737,"Fabian","Kern","male","german",8,395,7,9
176,"Fabian","Kern","male","german",8,272,5,12
1871,"Fabian","Kern","male","german",8,287,2,11
1885,"Fabian","Kern","male","german",8,278,5,13
201,"Fabian","Kern","male","german",8,365,9,17
2100,"Fabian","Kern","male","german",8,355,6,14
2147,"Fabian","Kern","male","german",8,362,10,9
2168,"Fabian","Kern","male","german",8,349,4,15
2173,"Fabian","Kern","male","german",8,328,5,10
221,"Fabian","Kern","male","german",8,398,6,15
2566,"Fabian","Kern","male","german",8,266,0,9
2589,"Fabian","Kern","male","german",8,314,3,13
2660,"Fabian","Kern","male","german",8,298,1,24
2793,"Fabian","Kern","male","german",8,293,3,9
2795,"Fabian","Kern","male","german",8,1,0,0
2860,"Fabian","Kern","male","german",8,353,2,24
2927,"Fabian","Kern","male","german",8,400,3,16
307,"Fabian","Kern","male","german",8,388,5,12
3131,"Fabian","Kern","male","german",8,367,7,12
377,"Fabian","Kern","male","german",8,324,5,11
465,"Fabian","Kern","male","german",8,313,4,8
528,"Fabian","Kern","male","german",8,427,3,9
571,"Fabian","Kern","male","german",8,346,4,10
6,"Fabian","Kern","male","german",8,270,8,10
762,"Fabian","Kern","male","german",8,318,4,18
778,"Fabian","Kern","male","german",8,314,5,12
930,"Fabian","Kern","male","german",8,422,6,8
1416,"Fikret","Akman","male","turkish",28,336,3,9
1485,"Fikret","Akman","male","turkish",28,379,10,17
1665,"Fikret","Akman","male","turkish",28,428,4,12
1737,"Fikret","Akman","male","turkish",28,328,3,19
176,"Fikret","Akman","male","turkish",28,302,1,6
1871,"Fikret","Akman","male","turkish",28,424,6,20
1885,"Fikret","Akman","male","turkish",28,347,5,9
201,"Fikret","Akman","male","turkish",28,389,6,19
2100,"Fikret","Akman","male","turkish",28,327,3,7
2147,"Fikret","Akman","male","turkish",28,358,5,13
2168,"Fikret","Akman","male","turkish",28,318,8,15
2173,"Fikret","Akman","male","turkish",28,317,5,12
221,"Fikret","Akman","male","turkish",28,355,8,7
2566,"Fikret","Akman","male","turkish",28,341,3,7
2589,"Fikret","Akman","male","turkish",28,336,2,14
2660,"Fikret","Akman","male","turkish",28,327,2,23
2793,"Fikret","Akman","male","turkish",28,357,6,9
2795,"Fikret","Akman","male","turkish",28,356,6,21
2860,"Fikret","Akman","male","turkish",28,414,3,19
2927,"Fikret","Akman","male","turkish",28,356,6,15
307,"Fikret","Akman","male","turkish",28,375,12,6
3131,"Fikret","Akman","male","turkish",28,357,5,11
377,"Fikret","Akman","male","turkish",28,1,0,0
465,"Fikret","Akman","male","turkish",28,354,4,8
528,"Fikret","Akman","male","turkish",28,399,5,12
571,"Fikret","Akman","male","turkish",28,393,7,12
6,"Fikret","Akman","male","turkish",28,277,3,8
762,"Fikret","Akman","male","turkish",28,415,4,26
778,"Fikret","Akman","male","turkish",28,1,0,0
930,"Fikret","Akman","male","turkish",28,418,5,10
1416,"Gül","Sönmez","female","turkish",29,330,5,10
1485,"Gül","Sönmez","female","turkish",29,302,6,6
1665,"Gül","Sönmez","female","turkish",29,438,13,15
1737,"Gül","Sönmez","female","turkish",29,356,5,21
176,"Gül","Sönmez","female","turkish",29,465,5,12
1871,"Gül","Sönmez","female","turkish",29,391,3,17
1885,"Gül","Sönmez","female","turkish",29,1,0,0
201,"Gül","Sönmez","female","turkish",29,395,4,18
2100,"Gül","Sönmez","female","turkish",29,417,4,11
2147,"Gül","Sönmez","female","turkish",29,428,7,12
2168,"Gül","Sönmez","female","turkish",29,309,3,14
2173,"Gül","Sönmez","female","turkish",29,357,7,12
221,"Gül","Sönmez","female","turkish",29,356,7,12
2566,"Gül","Sönmez","female","turkish",29,345,9,10
2589,"Gül","Sönmez","female","turkish",29,188,1,8
2660,"Gül","Sönmez","female","turkish",29,279,5,16
2793,"Gül","Sönmez","female","turkish",29,376,3,9
2795,"Gül","Sönmez","female","turkish",29,292,9,8
2860,"Gül","Sönmez","female","turkish",29,408,4,25
2927,"Gül","Sönmez","female","turkish",29,334,6,9
307,"Gül","Sönmez","female","turkish",29,336,8,13
3131,"Gül","Sönmez","female","turkish",29,347,4,4
377,"Gül","Sönmez","female","turkish",29,429,3,16
465,"Gül","Sönmez","female","turkish",29,479,8,9
528,"Gül","Sönmez","female","turkish",29,352,5,11
571,"Gül","Sönmez","female","turkish",29,288,3,6
6,"Gül","Sönmez","female","turkish",29,248,5,10
762,"Gül","Sönmez","female","turkish",29,464,7,20
778,"Gül","Sönmez","female","turkish",29,283,8,12
930,"Gül","Sönmez","female","turkish",29,315,3,9
1416,"Hatice","Şeker","female","turkish",39,363,6,14
1485,"Hatice","Şeker","female","turkish",39,326,6,11
1665,"Hatice","Şeker","female","turkish",39,398,4,10
1737,"Hatice","Şeker","female","turkish",39,326,9,12
176,"Hatice","Şeker","female","turkish",39,366,3,13
1871,"Hatice","Şeker","female","turkish",39,1,0,0
1885,"Hatice","Şeker","female","turkish",39,392,6,17
201,"Hatice","Şeker","female","turkish",39,506,7,30
2100,"Hatice","Şeker","female","turkish",39,393,4,12
2147,"Hatice","Şeker","female","turkish",39,319,8,9
2168,"Hatice","Şeker","female","turkish",39,406,4,22
2173,"Hatice","Şeker","female","turkish",39,316,6,13
221,"Hatice","Şeker","female","turkish",39,306,6,12
2566,"Hatice","Şeker","female","turkish",39,295,2,11
2589,"Hatice","Şeker","female","turkish",39,332,3,13
2660,"Hatice","Şeker","female","turkish",39,314,6,23
2793,"Hatice","Şeker","female","turkish",39,303,4,7
2795,"Hatice","Şeker","female","turkish",39,318,7,14
2860,"Hatice","Şeker","female","turkish",39,336,0,22
2927,"Hatice","Şeker","female","turkish",39,360,5,13
307,"Hatice","Şeker","female","turkish",39,348,8,11
3131,"Hatice","Şeker","female","turkish",39,353,5,10
377,"Hatice","Şeker","female","turkish",39,426,6,21
465,"Hatice","Şeker","female","turkish",39,390,5,18
528,"Hatice","Şeker","female","turkish",39,327,8,5
571,"Hatice","Şeker","female","turkish",39,303,8,7
6,"Hatice","Şeker","female","turkish",39,282,11,12
762,"Hatice","Şeker","female","turkish",39,329,6,10
778,"Hatice","Şeker","female","turkish",39,329,5,16
930,"Hatice","Şeker","female","turkish",39,389,5,6
1416,"Havva","Eren","female","turkish",21,334,4,13
1485,"Havva","Eren","female","turkish",21,294,7,16
1665,"Havva","Eren","female","turkish",21,638,8,15
1737,"Havva","Eren","female","turkish",21,344,5,14
176,"Havva","Eren","female","turkish",21,406,2,15
1871,"Havva","Eren","female","turkish",21,408,4,16
1885,"Havva","Eren","female","turkish",21,279,7,12
201,"Havva","Eren","female","turkish",21,426,12,27
2100,"Havva","Eren","female","turkish",21,1,0,0
2147,"Havva","Eren","female","turkish",21,286,8,8
2168,"Havva","Eren","female","turkish",21,338,5,16
2173,"Havva","Eren","female","turkish",21,266,7,11
221,"Havva","Eren","female","turkish",21,315,3,7
2566,"Havva","Eren","female","turkish",21,333,4,7
2589,"Havva","Eren","female","turkish",21,360,2,14
2660,"Havva","Eren","female","turkish",21,1,0,0
2793,"Havva","Eren","female","turkish",21,410,3,4
2795,"Havva","Eren","female","turkish",21,339,5,8
2860,"Havva","Eren","female","turkish",21,241,2,11
2927,"Havva","Eren","female","turkish",21,299,3,5
307,"Havva","Eren","female","turkish",21,294,6,7
3131,"Havva","Eren","female","turkish",21,397,2,9
377,"Havva","Eren","female","turkish",21,386,7,16
465,"Havva","Eren","female","turkish",21,380,8,17
528,"Havva","Eren","female","turkish",21,562,3,16
571,"Havva","Eren","female","turkish",21,348,7,7
6,"Havva","Eren","female","turkish",21,232,4,13
762,"Havva","Eren","female","turkish",21,279,6,17
778,"Havva","Eren","female","turkish",21,339,4,20
930,"Havva","Eren","female","turkish",21,455,7,9
1416,"Henrik","Kohl","male","german",20,352,1,10
1485,"Henrik","Kohl","male","german",20,445,6,13
1665,"Henrik","Kohl","male","german",20,452,10,18
1737,"Henrik","Kohl","male","german",20,383,6,14
176,"Henrik","Kohl","male","german",20,396,4,13
1871,"Henrik","Kohl","male","german",20,488,5,18
1885,"Henrik","Kohl","male","german",20,337,6,11
201,"Henrik","Kohl","male","german",20,431,7,24
2100,"Henrik","Kohl","male","german",20,413,8,13
2147,"Henrik","Kohl","male","german",20,338,2,19
2168,"Henrik","Kohl","male","german",20,412,4,22
2173,"Henrik","Kohl","male","german",20,333,3,16
221,"Henrik","Kohl","male","german",20,242,5,3
2566,"Henrik","Kohl","male","german",20,287,0,5
2589,"Henrik","Kohl","male","german",20,369,3,11
2660,"Henrik","Kohl","male","german",20,381,5,26
2793,"Henrik","Kohl","male","german",20,409,4,9
2795,"Henrik","Kohl","male","german",20,385,4,14
2860,"Henrik","Kohl","male","german",20,325,2,18
2927,"Henrik","Kohl","male","german",20,308,1,11
307,"Henrik","Kohl","male","german",20,305,9,8
3131,"Henrik","Kohl","male","german",20,362,4,8
377,"Henrik","Kohl","male","german",20,476,6,20
465,"Henrik","Kohl","male","german",20,493,11,12
528,"Henrik","Kohl","male","german",20,452,10,7
571,"Henrik","Kohl","male","german",20,391,6,8
6,"Henrik","Kohl","male","german",20,279,7,14
762,"Henrik","Kohl","male","german",20,267,6,11
778,"Henrik","Kohl","male","german",20,378,5,12
930,"Henrik","Kohl","male","german",20,422,7,7
1416,"Hilal","Akay","female","turkish",37,300,1,8
1485,"Hilal","Akay","female","turkish",37,379,6,13
1665,"Hilal","Akay","female","turkish",37,315,7,7
1737,"Hilal","Akay","female","turkish",37,281,9,12
176,"Hilal","Akay","female","turkish",37,392,4,14
1871,"Hilal","Akay","female","turkish",37,348,3,19
1885,"Hilal","Akay","female","turkish",37,454,3,17
201,"Hilal","Akay","female","turkish",37,357,7,22
2100,"Hilal","Akay","female","turkish",37,375,3,9
2147,"Hilal","Akay","female","turkish",37,350,6,12
2168,"Hilal","Akay","female","turkish",37,291,7,14
2173,"Hilal","Akay","female","turkish",37,335,9,14
221,"Hilal","Akay","female","turkish",37,321,7,7
2566,"Hilal","Akay","female","turkish",37,298,1,13
2589,"Hilal","Akay","female","turkish",37,361,1,15
2660,"Hilal","Akay","female","turkish",37,389,2,26
2793,"Hilal","Akay","female","turkish",37,346,3,9
2795,"Hilal","Akay","female","turkish",37,378,7,18
2860,"Hilal","Akay","female","turkish",37,394,2,24
2927,"Hilal","Akay","female","turkish",37,337,4,4
307,"Hilal","Akay","female","turkish",37,298,8,5
3131,"Hilal","Akay","female","turkish",37,435,4,13
377,"Hilal","Akay","female","turkish",37,357,5,14
465,"Hilal","Akay","female","turkish",37,302,1,13
528,"Hilal","Akay","female","turkish",37,433,6,11
571,"Hilal","Akay","female","turkish",37,443,5,10
6,"Hilal","Akay","female","turkish",37,242,7,14
762,"Hilal","Akay","female","turkish",37,398,2,22
778,"Hilal","Akay","female","turkish",37,349,3,17
930,"Hilal","Akay","female","turkish",37,451,5,5
1416,"Jennifer","Neubauer","female","german",9,414,7,16
1485,"Jennifer","Neubauer","female","german",9,349,5,19
1665,"Jennifer","Neubauer","female","german",9,1,0,0
1737,"Jennifer","Neubauer","female","german",9,314,5,9
176,"Jennifer","Neubauer","female","german",9,344,3,8
1871,"Jennifer","Neubauer","female","german",9,390,6,18
1885,"Jennifer","Neubauer","female","german",9,321,6,8
201,"Jennifer","Neubauer","female","german",9,318,5,15
2100,"Jennifer","Neubauer","female","german",9,364,6,14
2147,"Jennifer","Neubauer","female","german",9,313,6,14
2168,"Jennifer","Neubauer","female","german",9,329,5,13
2173,"Jennifer","Neubauer","female","german",9,1,0,0
221,"Jennifer","Neubauer","female","german",9,322,5,9
2566,"Jennifer","Neubauer","female","german",9,334,1,13
2589,"Jennifer","Neubauer","female","german",9,367,1,16
2660,"Jennifer","Neubauer","female","german",9,329,2,25
2793,"Jennifer","Neubauer","female","german",9,390,7,5
2795,"Jennifer","Neubauer","female","german",9,273,5,7
2860,"Jennifer","Neubauer","female","german",9,350,3,13
2927,"Jennifer","Neubauer","female","german",9,368,2,5
307,"Jennifer","Neubauer","female","german",9,260,4,5
3131,"Jennifer","Neubauer","female","german",9,278,3,11
377,"Jennifer","Neubauer","female","german",9,376,9,5
465,"Jennifer","Neubauer","female","german",9,393,6,14
528,"Jennifer","Neubauer","female","german",9,1,0,0
571,"Jennifer","Neubauer","female","german",9,320,7,8
6,"Jennifer","Neubauer","female","german",9,315,6,9
762,"Jennifer","Neubauer","female","german",9,306,5,14
778,"Jennifer","Neubauer","female","german",9,305,3,10
930,"Jennifer","Neubauer","female","german",9,425,5,6
1416,"Jörg","Engel","male","german",18,370,3,8
1485,"Jörg","Engel","male","german",18,312,6,9
1665,"Jörg","Engel","male","german",18,508,6,14
1737,"Jörg","Engel","male","german",18,386,6,12
176,"Jörg","Engel","male","german",18,352,4,8
1871,"Jörg","Engel","male","german",18,399,4,18
1885,"Jörg","Engel","male","german",18,398,11,20
201,"Jörg","Engel","male","german",18,366,6,24
2100,"Jörg","Engel","male","german",18,425,8,13
2147,"Jörg","Engel","male","german",18,360,6,12
2168,"Jörg","Engel","male","german",18,372,4,17
2173,"Jörg","Engel","male","german",18,394,3,7
221,"Jörg","Engel","male","german",18,357,3,8
2566,"Jörg","Engel","male","german",18,354,0,7
2589,"Jörg","Engel","male","german",18,330,2,12
2660,"Jörg","Engel","male","german",18,410,4,34
2793,"Jörg","Engel","male","german",18,446,5,4
2795,"Jörg","Engel","male","german",18,378,4,18
2860,"Jörg","Engel","male","german",18,333,3,21
2927,"Jörg","Engel","male","german",18,379,8,10
307,"Jörg","Engel","male","german",18,303,5,8
3131,"Jörg","Engel","male","german",18,365,4,12
377,"Jörg","Engel","male","german",18,309,5,6
465,"Jörg","Engel","male","german",18,363,3,7
528,"Jörg","Engel","male","german",18,286,3,8
571,"Jörg","Engel","male","german",18,357,2,8
6,"Jörg","Engel","male","german",18,252,5,9
762,"Jörg","Engel","male","german",18,363,7,22
778,"Jörg","Engel","male","german",18,316,2,13
930,"Jörg","Engel","male","german",18,372,3,6
1416,"Kai","Lindner","male","german",6,355,3,9
1485,"Kai","Lindner","male","german",6,1,0,0
1665,"Kai","Lindner","male","german",6,335,6,10
1737,"Kai","Lindner","male","german",6,395,5,18
176,"Kai","Lindner","male","german",6,337,4,12
1871,"Kai","Lindner","male","german",6,444,9,20
1885,"Kai","Lindner","male","german",6,330,13,15
201,"Kai","Lindner","male","german",6,403,7,20
2100,"Kai","Lindner","male","german",6,380,3,11
2147,"Kai","Lindner","male","german",6,294,4,10
2168,"Kai","Lindner","male","german",6,337,10,9
2173,"Kai","Lindner","male","german",6,374,6,16
221,"Kai","Lindner","male","german",6,283,2,3
2566,"Kai","Lindner","male","german",6,398,4,11
2589,"Kai","Lindner","male","german",6,316,2,6
2660,"Kai","Lindner","male","german",6,306,3,26
2793,"Kai","Lindner","male","german",6,468,4,6
2795,"Kai","Lindner","male","german",6,350,5,21
2860,"Kai","Lindner","male","german",6,275,1,13
2927,"Kai","Lindner","male","german",6,345,3,13
307,"Kai","Lindner","male","german",6,362,10,7
3131,"Kai","Lindner","male","german",6,387,6,16
377,"Kai","Lindner","male","german",6,386,12,11
465,"Kai","Lindner","male","german",6,406,1,12
528,"Kai","Lindner","male","german",6,446,10,12
571,"Kai","Lindner","male","german",6,360,4,7
6,"Kai","Lindner","male","german",6,309,7,13
762,"Kai","Lindner","male","german",6,368,6,11
778,"Kai","Lindner","male","german",6,311,3,10
930,"Kai","Lindner","male","german",6,430,3,4
1416,"Kübra","Ayyildiz","female","turkish",23,369,4,10
1485,"Kübra","Ayyildiz","female","turkish",23,295,7,9
1665,"Kübra","Ayyildiz","female","turkish",23,403,6,8
1737,"Kübra","Ayyildiz","female","turkish",23,409,11,18
176,"Kübra","Ayyildiz","female","turkish",23,296,1,12
1871,"Kübra","Ayyildiz","female","turkish",23,414,6,23
1885,"Kübra","Ayyildiz","female","turkish",23,480,4,11
201,"Kübra","Ayyildiz","female","turkish",23,296,4,20
2100,"Kübra","Ayyildiz","female","turkish",23,376,7,17
2147,"Kübra","Ayyildiz","female","turkish",23,383,5,14
2168,"Kübra","Ayyildiz","female","turkish",23,313,2,6
2173,"Kübra","Ayyildiz","female","turkish",23,386,3,12
221,"Kübra","Ayyildiz","female","turkish",23,319,6,5
2566,"Kübra","Ayyildiz","female","turkish",23,284,1,7
2589,"Kübra","Ayyildiz","female","turkish",23,414,2,21
2660,"Kübra","Ayyildiz","female","turkish",23,448,6,27
2793,"Kübra","Ayyildiz","female","turkish",23,382,5,11
2795,"Kübra","Ayyildiz","female","turkish",23,391,5,17
2860,"Kübra","Ayyildiz","female","turkish",23,363,5,12
2927,"Kübra","Ayyildiz","female","turkish",23,359,3,7
307,"Kübra","Ayyildiz","female","turkish",23,369,14,14
3131,"Kübra","Ayyildiz","female","turkish",23,333,1,8
377,"Kübra","Ayyildiz","female","turkish",23,1,0,0
465,"Kübra","Ayyildiz","female","turkish",23,346,4,19
528,"Kübra","Ayyildiz","female","turkish",23,294,3,4
571,"Kübra","Ayyildiz","female","turkish",23,406,4,10
6,"Kübra","Ayyildiz","female","turkish",23,302,6,12
762,"Kübra","Ayyildiz","female","turkish",23,400,4,22
778,"Kübra","Ayyildiz","female","turkish",23,272,2,8
930,"Kübra","Ayyildiz","female","turkish",23,409,5,10
1416,"Levent","Karakaya","male","turkish",34,388,2,12
1485,"Levent","Karakaya","male","turkish",34,386,10,16
1665,"Levent","Karakaya","male","turkish",34,494,4,19
1737,"Levent","Karakaya","male","turkish",34,371,7,18
176,"Levent","Karakaya","male","turkish",34,395,2,14
1871,"Levent","Karakaya","male","turkish",34,406,3,14
1885,"Levent","Karakaya","male","turkish",34,386,3,12
201,"Levent","Karakaya","male","turkish",34,396,6,20
2100,"Levent","Karakaya","male","turkish",34,305,7,14
2147,"Levent","Karakaya","male","turkish",34,1,0,0
2168,"Levent","Karakaya","male","turkish",34,346,4,17
2173,"Levent","Karakaya","male","turkish",34,346,3,4
221,"Levent","Karakaya","male","turkish",34,303,5,7
2566,"Levent","Karakaya","male","turkish",34,285,1,12
2589,"Levent","Karakaya","male","turkish",34,408,0,16
2660,"Levent","Karakaya","male","turkish",34,1,0,0
2793,"Levent","Karakaya","male","turkish",34,311,1,5
2795,"Levent","Karakaya","male","turkish",34,311,4,14
2860,"Levent","Karakaya","male","turkish",34,429,3,31
2927,"Levent","Karakaya","male","turkish",34,401,5,8
307,"Levent","Karakaya","male","turkish",34,324,9,6
3131,"Levent","Karakaya","male","turkish",34,280,2,9
377,"Levent","Karakaya","male","turkish",34,359,5,9
465,"Levent","Karakaya","male","turkish",34,371,1,10
528,"Levent","Karakaya","male","turkish",34,354,8,11
571,"Levent","Karakaya","male","turkish",34,443,5,7
6,"Levent","Karakaya","male","turkish",34,1,0,0
762,"Levent","Karakaya","male","turkish",34,314,2,10
778,"Levent","Karakaya","male","turkish",34,305,1,7
930,"Levent","Karakaya","male","turkish",34,512,6,12
1416,"Marcel","Popp","male","german",2,316,4,9
1485,"Marcel","Popp","male","german",2,297,13,9
1665,"Marcel","Popp","male","german",2,509,7,7
1737,"Marcel","Popp","male","german",2,459,10,19
176,"Marcel","Popp","male","german",2,377,5,17
1871,"Marcel","Popp","male","german",2,342,6,20
1885,"Marcel","Popp","male","german",2,348,4,20
201,"Marcel","Popp","male","german",2,303,4,22
2100,"Marcel","Popp","male","german",2,301,12,7
2147,"Marcel","Popp","male","german",2,283,9,7
2168,"Marcel","Popp","male","german",2,262,7,10
2173,"Marcel","Popp","male","german",2,337,5,10
221,"Marcel","Popp","male","german",2,404,8,6
2566,"Marcel","Popp","male","german",2,400,2,14
2589,"Marcel","Popp","male","german",2,312,3,10
2660,"Marcel","Popp","male","german",2,363,2,28
2793,"Marcel","Popp","male","german",2,362,5,7
2795,"Marcel","Popp","male","german",2,344,7,12
2860,"Marcel","Popp","male","german",2,357,2,26
2927,"Marcel","Popp","male","german",2,435,8,13
307,"Marcel","Popp","male","german",2,374,9,7
3131,"Marcel","Popp","male","german",2,413,6,10
377,"Marcel","Popp","male","german",2,433,10,8
465,"Marcel","Popp","male","german",2,350,3,11
528,"Marcel","Popp","male","german",2,294,3,8
571,"Marcel","Popp","male","german",2,320,5,6
6,"Marcel","Popp","male","german",2,327,8,19
762,"Marcel","Popp","male","german",2,275,8,10
778,"Marcel","Popp","male","german",2,334,4,18
930,"Marcel","Popp","male","german",2,431,5,10
1416,"Marco","Neubauer","male","german",10,423,3,11
1485,"Marco","Neubauer","male","german",10,301,7,8
1665,"Marco","Neubauer","male","german",10,405,9,9
1737,"Marco","Neubauer","male","german",10,387,9,13
176,"Marco","Neubauer","male","german",10,338,4,9
1871,"Marco","Neubauer","male","german",10,401,1,15
1885,"Marco","Neubauer","male","german",10,292,2,5
201,"Marco","Neubauer","male","german",10,462,6,33
2100,"Marco","Neubauer","male","german",10,301,3,11
2147,"Marco","Neubauer","male","german",10,346,7,20
2168,"Marco","Neubauer","male","german",10,384,4,11
2173,"Marco","Neubauer","male","german",10,344,1,12
221,"Marco","Neubauer","male","german",10,389,3,14
2566,"Marco","Neubauer","male","german",10,258,0,11
2589,"Marco","Neubauer","male","german",10,421,1,15
2660,"Marco","Neubauer","male","german",10,382,5,28
2793,"Marco","Neubauer","male","german",10,327,7,8
2795,"Marco","Neubauer","male","german",10,385,7,21
2860,"Marco","Neubauer","male","german",10,408,1,23
2927,"Marco","Neubauer","male","german",10,382,5,9
307,"Marco","Neubauer","male","german",10,304,9,11
3131,"Marco","Neubauer","male","german",10,363,4,12
377,"Marco","Neubauer","male","german",10,474,15,8
465,"Marco","Neubauer","male","german",10,424,5,12
528,"Marco","Neubauer","male","german",10,518,5,10
571,"Marco","Neubauer","male","german",10,307,5,8
6,"Marco","Neubauer","male","german",10,322,9,9
762,"Marco","Neubauer","male","german",10,352,4,21
778,"Marco","Neubauer","male","german",10,387,6,17
930,"Marco","Neubauer","male","german",10,435,3,7
1416,"Mareen","Stoll","female","german",3,301,5,9
1485,"Mareen","Stoll","female","german",3,1,0,0
1665,"Mareen","Stoll","female","german",3,1,0,0
1737,"Mareen","Stoll","female","german",3,341,3,10
176,"Mareen","Stoll","female","german",3,362,7,11
1871,"Mareen","Stoll","female","german",3,369,3,23
1885,"Mareen","Stoll","female","german",3,437,7,17
201,"Mareen","Stoll","female","german",3,384,9,27
2100,"Mareen","Stoll","female","german",3,366,9,18
2147,"Mareen","Stoll","female","german",3,274,4,7
2168,"Mareen","Stoll","female","german",3,295,3,13
2173,"Mareen","Stoll","female","german",3,398,6,19
221,"Mareen","Stoll","female","german",3,362,6,5
2566,"Mareen","Stoll","female","german",3,402,0,15
2589,"Mareen","Stoll","female","german",3,326,4,12
2660,"Mareen","Stoll","female","german",3,285,6,22
2793,"Mareen","Stoll","female","german",3,383,5,10
2795,"Mareen","Stoll","female","german",3,1,0,0
2860,"Mareen","Stoll","female","german",3,393,3,33
2927,"Mareen","Stoll","female","german",3,391,4,15
307,"Mareen","Stoll","female","german",3,353,5,7
3131,"Mareen","Stoll","female","german",3,477,7,23
377,"Mareen","Stoll","female","german",3,538,9,19
465,"Mareen","Stoll","female","german",3,388,6,9
528,"Mareen","Stoll","female","german",3,327,4,8
571,"Mareen","Stoll","female","german",3,387,4,14
6,"Mareen","Stoll","female","german",3,238,4,10
762,"Mareen","Stoll","female","german",3,287,4,12
778,"Mareen","Stoll","female","german",3,446,10,15
930,"Mareen","Stoll","female","german",3,373,4,9
1416,"Michael","Ackermann","male","german",16,248,0,6
1485,"Michael","Ackermann","male","german",16,331,6,11
1665,"Michael","Ackermann","male","german",16,479,13,15
1737,"Michael","Ackermann","male","german",16,342,11,13
176,"Michael","Ackermann","male","german",16,320,4,5
1871,"Michael","Ackermann","male","german",16,389,5,19
1885,"Michael","Ackermann","male","german",16,333,4,13
201,"Michael","Ackermann","male","german",16,438,6,33
2100,"Michael","Ackermann","male","german",16,357,7,11
2147,"Michael","Ackermann","male","german",16,369,6,9
2168,"Michael","Ackermann","male","german",16,372,7,12
2173,"Michael","Ackermann","male","german",16,409,8,15
221,"Michael","Ackermann","male","german",16,294,7,13
2566,"Michael","Ackermann","male","german",16,377,4,11
2589,"Michael","Ackermann","male","german",16,467,4,17
2660,"Michael","Ackermann","male","german",16,395,3,27
2793,"Michael","Ackermann","male","german",16,402,5,5
2795,"Michael","Ackermann","male","german",16,414,7,30
2860,"Michael","Ackermann","male","german",16,363,4,26
2927,"Michael","Ackermann","male","german",16,421,4,13
307,"Michael","Ackermann","male","german",16,236,5,6
3131,"Michael","Ackermann","male","german",16,419,3,11
377,"Michael","Ackermann","male","german",16,347,7,10
465,"Michael","Ackermann","male","german",16,267,3,5
528,"Michael","Ackermann","male","german",16,1,0,0
571,"Michael","Ackermann","male","german",16,413,4,11
6,"Michael","Ackermann","male","german",16,1,0,0
762,"Michael","Ackermann","male","german",16,282,3,12
778,"Michael","Ackermann","male","german",16,271,4,12
930,"Michael","Ackermann","male","german",16,372,7,5
1416,"Necla","Akman","female","turkish",27,325,3,8
1485,"Necla","Akman","female","turkish",27,387,8,17
1665,"Necla","Akman","female","turkish",27,384,4,16
1737,"Necla","Akman","female","turkish",27,321,5,11
176,"Necla","Akman","female","turkish",27,363,1,8
1871,"Necla","Akman","female","turkish",27,354,4,23
1885,"Necla","Akman","female","turkish",27,356,4,18
201,"Necla","Akman","female","turkish",27,407,6,29
2100,"Necla","Akman","female","turkish",27,583,5,16
2147,"Necla","Akman","female","turkish",27,352,5,13
2168,"Necla","Akman","female","turkish",27,321,5,14
2173,"Necla","Akman","female","turkish",27,339,5,9
221,"Necla","Akman","female","turkish",27,331,5,10
2566,"Necla","Akman","female","turkish",27,266,1,4
2589,"Necla","Akman","female","turkish",27,402,1,19
2660,"Necla","Akman","female","turkish",27,1,0,0
2793,"Necla","Akman","female","turkish",27,425,4,10
2795,"Necla","Akman","female","turkish",27,332,5,15
2860,"Necla","Akman","female","turkish",27,321,4,21
2927,"Necla","Akman","female","turkish",27,316,5,10
307,"Necla","Akman","female","turkish",27,306,6,8
3131,"Necla","Akman","female","turkish",27,387,4,7
377,"Necla","Akman","female","turkish",27,322,5,8
465,"Necla","Akman","female","turkish",27,372,4,12
528,"Necla","Akman","female","turkish",27,479,5,13
571,"Necla","Akman","female","turkish",27,374,3,10
6,"Necla","Akman","female","turkish",27,317,6,11
762,"Necla","Akman","female","turkish",27,346,6,14
778,"Necla","Akman","female","turkish",27,369,6,11
930,"Necla","Akman","female","turkish",27,472,7,4
1416,"Nicole","Engel","female","german",17,313,3,9
1485,"Nicole","Engel","female","german",17,392,9,16
1665,"Nicole","Engel","female","german",17,355,9,9
1737,"Nicole","Engel","female","german",17,395,4,11
176,"Nicole","Engel","female","german",17,403,3,8
1871,"Nicole","Engel","female","german",17,304,5,18
1885,"Nicole","Engel","female","german",17,389,4,14
201,"Nicole","Engel","female","german",17,384,7,23
2100,"Nicole","Engel","female","german",17,377,3,21
2147,"Nicole","Engel","female","german",17,384,5,16
2168,"Nicole","Engel","female","german",17,312,2,15
2173,"Nicole","Engel","female","german",17,349,6,11
221,"Nicole","Engel","female","german",17,350,3,10
2566,"Nicole","Engel","female","german",17,320,4,13
2589,"Nicole","Engel","female","german",17,403,1,18
2660,"Nicole","Engel","female","german",17,340,3,27
2793,"Nicole","Engel","female","german",17,435,5,17
2795,"Nicole","Engel","female","german",17,362,6,20
2860,"Nicole","Engel","female","german",17,309,5,18
2927,"Nicole","Engel","female","german",17,290,6,8
307,"Nicole","Engel","female","german",17,368,4,8
3131,"Nicole","Engel","female","german",17,460,5,17
377,"Nicole","Engel","female","german",17,379,4,10
465,"Nicole","Engel","female","german",17,1,0,0
528,"Nicole","Engel","female","german",17,433,2,8
571,"Nicole","Engel","female","german",17,468,5,9
6,"Nicole","Engel","female","german",17,343,4,16
762,"Nicole","Engel","female","german",17,379,3,24
778,"Nicole","Engel","female","german",17,283,1,12
930,"Nicole","Engel","female","german",17,311,7,4
1416,"Onur","Ayyildiz","male","turkish",24,304,1,6
1485,"Onur","Ayyildiz","male","turkish",24,360,6,16
1665,"Onur","Ayyildiz","male","turkish",24,395,4,13
1737,"Onur","Ayyildiz","male","turkish",24,430,3,16
176,"Onur","Ayyildiz","male","turkish",24,393,7,9
1871,"Onur","Ayyildiz","male","turkish",24,412,4,13
1885,"Onur","Ayyildiz","male","turkish",24,510,6,25
201,"Onur","Ayyildiz","male","turkish",24,398,5,26
2100,"Onur","Ayyildiz","male","turkish",24,400,7,9
2147,"Onur","Ayyildiz","male","turkish",24,379,4,13
2168,"Onur","Ayyildiz","male","turkish",24,327,5,11
2173,"Onur","Ayyildiz","male","turkish",24,415,3,13
221,"Onur","Ayyildiz","male","turkish",24,425,7,9
2566,"Onur","Ayyildiz","male","turkish",24,374,1,14
2589,"Onur","Ayyildiz","male","turkish",24,351,0,12
2660,"Onur","Ayyildiz","male","turkish",24,369,6,29
2793,"Onur","Ayyildiz","male","turkish",24,440,6,10
2795,"Onur","Ayyildiz","male","turkish",24,334,7,17
2860,"Onur","Ayyildiz","male","turkish",24,306,3,20
2927,"Onur","Ayyildiz","male","turkish",24,342,3,9
307,"Onur","Ayyildiz","male","turkish",24,289,13,9
3131,"Onur","Ayyildiz","male","turkish",24,335,2,12
377,"Onur","Ayyildiz","male","turkish",24,352,7,11
465,"Onur","Ayyildiz","male","turkish",24,286,1,8
528,"Onur","Ayyildiz","male","turkish",24,370,4,7
571,"Onur","Ayyildiz","male","turkish",24,286,2,4
6,"Onur","Ayyildiz","male","turkish",24,257,3,10
762,"Onur","Ayyildiz","male","turkish",24,416,7,23
778,"Onur","Ayyildiz","male","turkish",24,353,4,10
930,"Onur","Ayyildiz","male","turkish",24,430,4,4
1416,"Orhan","Turan","male","turkish",26,317,5,12
1485,"Orhan","Turan","male","turkish",26,303,4,6
1665,"Orhan","Turan","male","turkish",26,301,5,10
1737,"Orhan","Turan","male","turkish",26,397,6,8
176,"Orhan","Turan","male","turkish",26,344,4,8
1871,"Orhan","Turan","male","turkish",26,483,5,25
1885,"Orhan","Turan","male","turkish",26,307,4,14
201,"Orhan","Turan","male","turkish",26,342,9,20
2100,"Orhan","Turan","male","turkish",26,321,4,10
2147,"Orhan","Turan","male","turkish",26,383,8,16
2168,"Orhan","Turan","male","turkish",26,419,2,16
2173,"Orhan","Turan","male","turkish",26,390,5,10
221,"Orhan","Turan","male","turkish",26,297,3,6
2566,"Orhan","Turan","male","turkish",26,326,4,14
2589,"Orhan","Turan","male","turkish",26,384,1,13
2660,"Orhan","Turan","male","turkish",26,342,4,19
2793,"Orhan","Turan","male","turkish",26,241,3,4
2795,"Orhan","Turan","male","turkish",26,362,4,11
2860,"Orhan","Turan","male","turkish",26,426,3,21
2927,"Orhan","Turan","male","turkish",26,349,5,8
307,"Orhan","Turan","male","turkish",26,392,6,9
3131,"Orhan","Turan","male","turkish",26,360,4,12
377,"Orhan","Turan","male","turkish",26,343,7,7
465,"Orhan","Turan","male","turkish",26,307,3,7
528,"Orhan","Turan","male","turkish",26,304,6,6
571,"Orhan","Turan","male","turkish",26,336,2,10
6,"Orhan","Turan","male","turkish",26,314,11,19
762,"Orhan","Turan","male","turkish",26,299,5,11
778,"Orhan","Turan","male","turkish",26,334,17,16
930,"Orhan","Turan","male","turkish",26,531,6,14
1416,"Philipp","Stoll","male","german",4,340,5,9
1485,"Philipp","Stoll","male","german",4,387,7,10
1665,"Philipp","Stoll","male","german",4,455,3,12
1737,"Philipp","Stoll","male","german",4,338,6,15
176,"Philipp","Stoll","male","german",4,366,4,9
1871,"Philipp","Stoll","male","german",4,309,4,11
1885,"Philipp","Stoll","male","german",4,265,4,14
201,"Philipp","Stoll","male","german",4,327,4,17
2100,"Philipp","Stoll","male","german",4,362,5,14
2147,"Philipp","Stoll","male","german",4,317,5,9
2168,"Philipp","Stoll","male","german",4,332,5,16
2173,"Philipp","Stoll","male","german",4,355,7,9
221,"Philipp","Stoll","male","german",4,1,0,0
2566,"Philipp","Stoll","male","german",4,286,3,6
2589,"Philipp","Stoll","male","german",4,321,3,15
2660,"Philipp","Stoll","male","german",4,1,0,0
2793,"Philipp","Stoll","male","german",4,341,2,4
2795,"Philipp","Stoll","male","german",4,409,7,20
2860,"Philipp","Stoll","male","german",4,339,4,25
2927,"Philipp","Stoll","male","german",4,365,3,7
307,"Philipp","Stoll","male","german",4,341,12,11
3131,"Philipp","Stoll","male","german",4,326,4,6
377,"Philipp","Stoll","male","german",4,334,11,18
465,"Philipp","Stoll","male","german",4,414,3,22
528,"Philipp","Stoll","male","german",4,350,2,8
571,"Philipp","Stoll","male","german",4,413,9,16
6,"Philipp","Stoll","male","german",4,313,6,12
762,"Philipp","Stoll","male","german",4,263,3,9
778,"Philipp","Stoll","male","german",4,303,6,13
930,"Philipp","Stoll","male","german",4,386,6,8
1416,"Ramona","Popp","female","german",1,375,4,9
1485,"Ramona","Popp","female","german",1,441,9,18
1665,"Ramona","Popp","female","german",1,382,10,6
1737,"Ramona","Popp","female","german",1,299,8,7
176,"Ramona","Popp","female","german",1,345,2,5
1871,"Ramona","Popp","female","german",1,333,2,16
1885,"Ramona","Popp","female","german",1,380,8,10
201,"Ramona","Popp","female","german",1,290,11,15
2100,"Ramona","Popp","female","german",1,385,7,19
2147,"Ramona","Popp","female","german",1,331,7,11
2168,"Ramona","Popp","female","german",1,267,5,12
2173,"Ramona","Popp","female","german",1,392,8,15
221,"Ramona","Popp","female","german",1,383,6,10
2566,"Ramona","Popp","female","german",1,292,2,10
2589,"Ramona","Popp","female","german",1,397,1,14
2660,"Ramona","Popp","female","german",1,377,3,31
2793,"Ramona","Popp","female","german",1,290,3,5
2795,"Ramona","Popp","female","german",1,369,3,19
2860,"Ramona","Popp","female","german",1,361,4,21
2927,"Ramona","Popp","female","german",1,421,2,17
307,"Ramona","Popp","female","german",1,346,8,10
3131,"Ramona","Popp","female","german",1,351,3,6
377,"Ramona","Popp","female","german",1,344,11,14
465,"Ramona","Popp","female","german",1,415,0,8
528,"Ramona","Popp","female","german",1,467,3,20
571,"Ramona","Popp","female","german",1,356,2,10
6,"Ramona","Popp","female","german",1,268,7,16
762,"Ramona","Popp","female","german",1,326,3,20
778,"Ramona","Popp","female","german",1,294,1,15
930,"Ramona","Popp","female","german",1,337,0,6
1416,"Rene","Schmitt","male","german",12,291,3,7
1485,"Rene","Schmitt","male","german",12,312,3,13
1665,"Rene","Schmitt","male","german",12,424,4,9
1737,"Rene","Schmitt","male","german",12,334,4,12
176,"Rene","Schmitt","male","german",12,417,3,15
1871,"Rene","Schmitt","male","german",12,355,2,22
1885,"Rene","Schmitt","male","german",12,351,10,17
201,"Rene","Schmitt","male","german",12,293,7,22
2100,"Rene","Schmitt","male","german",12,299,2,7
2147,"Rene","Schmitt","male","german",12,351,3,12
2168,"Rene","Schmitt","male","german",12,405,6,12
2173,"Rene","Schmitt","male","german",12,321,5,9
221,"Rene","Schmitt","male","german",12,360,4,9
2566,"Rene","Schmitt","male","german",12,275,0,5
2589,"Rene","Schmitt","male","german",12,417,3,14
2660,"Rene","Schmitt","male","german",12,310,4,26
2793,"Rene","Schmitt","male","german",12,367,2,6
2795,"Rene","Schmitt","male","german",12,339,5,14
2860,"Rene","Schmitt","male","german",12,295,3,19
2927,"Rene","Schmitt","male","german",12,431,4,12
307,"Rene","Schmitt","male","german",12,359,8,7
3131,"Rene","Schmitt","male","german",12,255,2,12
377,"Rene","Schmitt","male","german",12,1,0,0
465,"Rene","Schmitt","male","german",12,355,1,20
528,"Rene","Schmitt","male","german",12,502,3,9
571,"Rene","Schmitt","male","german",12,314,6,7
6,"Rene","Schmitt","male","german",12,280,7,13
762,"Rene","Schmitt","male","german",12,319,5,18
778,"Rene","Schmitt","male","german",12,292,2,14
930,"Rene","Schmitt","male","german",12,446,7,7
1416,"Sonja","Ackermann","female","german",15,356,4,3
1485,"Sonja","Ackermann","female","german",15,246,5,9
1665,"Sonja","Ackermann","female","german",15,1,0,0
1737,"Sonja","Ackermann","female","german",15,391,9,20
176,"Sonja","Ackermann","female","german",15,343,1,8
1871,"Sonja","Ackermann","female","german",15,360,5,21
1885,"Sonja","Ackermann","female","german",15,413,6,15
201,"Sonja","Ackermann","female","german",15,359,1,16
2100,"Sonja","Ackermann","female","german",15,282,6,8
2147,"Sonja","Ackermann","female","german",15,431,11,17
2168,"Sonja","Ackermann","female","german",15,381,5,20
2173,"Sonja","Ackermann","female","german",15,298,5,11
221,"Sonja","Ackermann","female","german",15,452,7,15
2566,"Sonja","Ackermann","female","german",15,276,0,9
2589,"Sonja","Ackermann","female","german",15,390,1,16
2660,"Sonja","Ackermann","female","german",15,387,6,37
2793,"Sonja","Ackermann","female","german",15,405,4,13
2795,"Sonja","Ackermann","female","german",15,330,5,21
2860,"Sonja","Ackermann","female","german",15,406,3,21
2927,"Sonja","Ackermann","female","german",15,420,6,9
307,"Sonja","Ackermann","female","german",15,365,9,6
3131,"Sonja","Ackermann","female","german",15,261,4,4
377,"Sonja","Ackermann","female","german",15,357,10,11
465,"Sonja","Ackermann","female","german",15,326,4,6
528,"Sonja","Ackermann","female","german",15,417,2,12
571,"Sonja","Ackermann","female","german",15,321,5,7
6,"Sonja","Ackermann","female","german",15,287,6,14
762,"Sonja","Ackermann","female","german",15,295,5,14
778,"Sonja","Ackermann","female","german",15,337,6,12
930,"Sonja","Ackermann","female","german",15,316,2,3
1416,"Suat","Mutlu","male","turkish",36,302,4,13
1485,"Suat","Mutlu","male","turkish",36,312,7,8
1665,"Suat","Mutlu","male","turkish",36,439,8,10
1737,"Suat","Mutlu","male","turkish",36,304,5,14
176,"Suat","Mutlu","male","turkish",36,351,3,8
1871,"Suat","Mutlu","male","turkish",36,366,7,21
1885,"Suat","Mutlu","male","turkish",36,375,7,17
201,"Suat","Mutlu","male","turkish",36,340,9,16
2100,"Suat","Mutlu","male","turkish",36,367,7,14
2147,"Suat","Mutlu","male","turkish",36,349,8,10
2168,"Suat","Mutlu","male","turkish",36,281,3,11
2173,"Suat","Mutlu","male","turkish",36,342,3,10
221,"Suat","Mutlu","male","turkish",36,366,5,7
2566,"Suat","Mutlu","male","turkish",36,312,4,7
2589,"Suat","Mutlu","male","turkish",36,360,0,16
2660,"Suat","Mutlu","male","turkish",36,238,3,22
2793,"Suat","Mutlu","male","turkish",36,306,7,4
2795,"Suat","Mutlu","male","turkish",36,325,6,17
2860,"Suat","Mutlu","male","turkish",36,335,4,13
2927,"Suat","Mutlu","male","turkish",36,347,2,13
307,"Suat","Mutlu","male","turkish",36,277,4,9
3131,"Suat","Mutlu","male","turkish",36,361,4,13
377,"Suat","Mutlu","male","turkish",36,348,4,14
465,"Suat","Mutlu","male","turkish",36,424,7,16
528,"Suat","Mutlu","male","turkish",36,416,6,13
571,"Suat","Mutlu","male","turkish",36,260,3,7
6,"Suat","Mutlu","male","turkish",36,304,6,14
762,"Suat","Mutlu","male","turkish",36,313,4,18
778,"Suat","Mutlu","male","turkish",36,328,5,13
930,"Suat","Mutlu","male","turkish",36,368,3,8
1416,"Suna","Acar","female","turkish",31,316,5,13
1485,"Suna","Acar","female","turkish",31,260,6,7
1665,"Suna","Acar","female","turkish",31,437,10,13
1737,"Suna","Acar","female","turkish",31,394,8,17
176,"Suna","Acar","female","turkish",31,390,3,8
1871,"Suna","Acar","female","turkish",31,406,7,22
1885,"Suna","Acar","female","turkish",31,380,4,13
201,"Suna","Acar","female","turkish",31,388,9,19
2100,"Suna","Acar","female","turkish",31,321,4,7
2147,"Suna","Acar","female","turkish",31,319,2,10
2168,"Suna","Acar","female","turkish",31,360,3,13
2173,"Suna","Acar","female","turkish",31,292,5,6
221,"Suna","Acar","female","turkish",31,379,1,12
2566,"Suna","Acar","female","turkish",31,265,2,9
2589,"Suna","Acar","female","turkish",31,411,6,10
2660,"Suna","Acar","female","turkish",31,324,1,28
2793,"Suna","Acar","female","turkish",31,404,6,7
2795,"Suna","Acar","female","turkish",31,348,6,22
2860,"Suna","Acar","female","turkish",31,308,3,13
2927,"Suna","Acar","female","turkish",31,317,2,15
307,"Suna","Acar","female","turkish",31,267,8,7
3131,"Suna","Acar","female","turkish",31,431,6,19
377,"Suna","Acar","female","turkish",31,432,8,14
465,"Suna","Acar","female","turkish",31,357,4,16
528,"Suna","Acar","female","turkish",31,385,6,9
571,"Suna","Acar","female","turkish",31,396,4,6
6,"Suna","Acar","female","turkish",31,390,6,19
762,"Suna","Acar","female","turkish",31,342,4,24
778,"Suna","Acar","female","turkish",31,302,3,13
930,"Suna","Acar","female","turkish",31,407,3,7
1416,"Ute","Schmitt","female","german",11,400,2,10
1485,"Ute","Schmitt","female","german",11,273,2,12
1665,"Ute","Schmitt","female","german",11,397,8,14
1737,"Ute","Schmitt","female","german",11,383,6,15
176,"Ute","Schmitt","female","german",11,308,4,8
1871,"Ute","Schmitt","female","german",11,267,2,7
1885,"Ute","Schmitt","female","german",11,339,8,15
201,"Ute","Schmitt","female","german",11,446,5,23
2100,"Ute","Schmitt","female","german",11,254,3,12
2147,"Ute","Schmitt","female","german",11,321,5,15
2168,"Ute","Schmitt","female","german",11,338,4,16
2173,"Ute","Schmitt","female","german",11,304,4,10
221,"Ute","Schmitt","female","german",11,246,6,9
2566,"Ute","Schmitt","female","german",11,340,3,6
2589,"Ute","Schmitt","female","german",11,377,3,18
2660,"Ute","Schmitt","female","german",11,1,0,0
2793,"Ute","Schmitt","female","german",11,358,5,13
2795,"Ute","Schmitt","female","german",11,292,2,17
2860,"Ute","Schmitt","female","german",11,415,2,16
2927,"Ute","Schmitt","female","german",11,392,4,23
307,"Ute","Schmitt","female","german",11,318,11,7
3131,"Ute","Schmitt","female","german",11,350,7,13
377,"Ute","Schmitt","female","german",11,332,5,13
465,"Ute","Schmitt","female","german",11,324,4,5
528,"Ute","Schmitt","female","german",11,350,9,7
571,"Ute","Schmitt","female","german",11,389,3,11
6,"Ute","Schmitt","female","german",11,254,6,9
762,"Ute","Schmitt","female","german",11,306,8,17
778,"Ute","Schmitt","female","german",11,321,5,11
930,"Ute","Schmitt","female","german",11,403,2,7
1416,"Yunus","Sönmez","male","turkish",30,239,2,9
1485,"Yunus","Sönmez","male","turkish",30,356,6,9
1665,"Yunus","Sönmez","male","turkish",30,497,9,12
1737,"Yunus","Sönmez","male","turkish",30,284,4,10
176,"Yunus","Sönmez","male","turkish",30,345,1,9
1871,"Yunus","Sönmez","male","turkish",30,484,6,37
1885,"Yunus","Sönmez","male","turkish",30,338,3,15
201,"Yunus","Sönmez","male","turkish",30,300,6,22
2100,"Yunus","Sönmez","male","turkish",30,405,5,11
2147,"Yunus","Sönmez","male","turkish",30,368,5,8
2168,"Yunus","Sönmez","male","turkish",30,511,10,25
2173,"Yunus","Sönmez","male","turkish",30,377,3,13
221,"Yunus","Sönmez","male","turkish",30,316,6,12
2566,"Yunus","Sönmez","male","turkish",30,329,1,9
2589,"Yunus","Sönmez","male","turkish",30,309,1,13
2660,"Yunus","Sönmez","male","turkish",30,303,3,23
2793,"Yunus","Sönmez","male","turkish",30,365,5,12
2795,"Yunus","Sönmez","male","turkish",30,278,4,18
2860,"Yunus","Sönmez","male","turkish",30,316,5,20
2927,"Yunus","Sönmez","male","turkish",30,449,16,14
307,"Yunus","Sönmez","male","turkish",30,377,9,12
3131,"Yunus","Sönmez","male","turkish",30,301,4,7
377,"Yunus","Sönmez","male","turkish",30,409,7,12
465,"Yunus","Sönmez","male","turkish",30,388,6,15
528,"Yunus","Sönmez","male","turkish",30,466,8,13
571,"Yunus","Sönmez","male","turkish",30,373,6,5
6,"Yunus","Sönmez","male","turkish",30,346,4,13
762,"Yunus","Sönmez","male","turkish",30,381,6,24
778,"Yunus","Sönmez","male","turkish",30,395,5,7
930,"Yunus","Sönmez","male","turkish",30,413,2,3
1416,"Özlem","Mutlu","female","turkish",35,353,4,10
1485,"Özlem","Mutlu","female","turkish",35,1,0,0
1665,"Özlem","Mutlu","female","turkish",35,376,7,13
1737,"Özlem","Mutlu","female","turkish",35,393,9,8
176,"Özlem","Mutlu","female","turkish",35,293,3,7
1871,"Özlem","Mutlu","female","turkish",35,323,7,19
1885,"Özlem","Mutlu","female","turkish",35,462,3,25
201,"Özlem","Mutlu","female","turkish",35,299,4,23
2100,"Özlem","Mutlu","female","turkish",35,278,4,6
2147,"Özlem","Mutlu","female","turkish",35,327,4,13
2168,"Özlem","Mutlu","female","turkish",35,284,2,10
2173,"Özlem","Mutlu","female","turkish",35,434,7,18
221,"Özlem","Mutlu","female","turkish",35,355,3,10
2566,"Özlem","Mutlu","female","turkish",35,289,3,12
2589,"Özlem","Mutlu","female","turkish",35,360,2,12
2660,"Özlem","Mutlu","female","turkish",35,327,6,29
2793,"Özlem","Mutlu","female","turkish",35,455,3,10
2795,"Özlem","Mutlu","female","turkish",35,393,5,18
2860,"Özlem","Mutlu","female","turkish",35,333,4,16
2927,"Özlem","Mutlu","female","turkish",35,353,3,9
307,"Özlem","Mutlu","female","turkish",35,346,12,9
3131,"Özlem","Mutlu","female","turkish",35,421,6,14
377,"Özlem","Mutlu","female","turkish",35,422,7,16
465,"Özlem","Mutlu","female","turkish",35,363,4,17
528,"Özlem","Mutlu","female","turkish",35,466,3,9
571,"Özlem","Mutlu","female","turkish",35,361,4,13
6,"Özlem","Mutlu","female","turkish",35,360,6,9
762,"Özlem","Mutlu","female","turkish",35,315,3,20
778,"Özlem","Mutlu","female","turkish",35,403,8,14
930,"Özlem","Mutlu","female","turkish",35,453,5,13
1416,"Şahin","Acar","male","turkish",32,401,5,13
1485,"Şahin","Acar","male","turkish",32,329,5,9
1665,"Şahin","Acar","male","turkish",32,474,9,15
1737,"Şahin","Acar","male","turkish",32,356,4,16
176,"Şahin","Acar","male","turkish",32,393,3,11
1871,"Şahin","Acar","male","turkish",32,343,3,18
1885,"Şahin","Acar","male","turkish",32,391,7,16
201,"Şahin","Acar","male","turkish",32,354,7,19
2100,"Şahin","Acar","male","turkish",32,351,2,8
2147,"Şahin","Acar","male","turkish",32,457,6,14
2168,"Şahin","Acar","male","turkish",32,265,2,13
2173,"Şahin","Acar","male","turkish",32,367,6,10
221,"Şahin","Acar","male","turkish",32,551,5,16
2566,"Şahin","Acar","male","turkish",32,294,1,11
2589,"Şahin","Acar","male","turkish",32,423,7,10
2660,"Şahin","Acar","male","turkish",32,448,6,38
2793,"Şahin","Acar","male","turkish",32,356,3,15
2795,"Şahin","Acar","male","turkish",32,327,4,17
2860,"Şahin","Acar","male","turkish",32,358,1,26
2927,"Şahin","Acar","male","turkish",32,352,3,9
307,"Şahin","Acar","male","turkish",32,342,10,11
3131,"Şahin","Acar","male","turkish",32,282,5,5
377,"Şahin","Acar","male","turkish",32,475,9,20
465,"Şahin","Acar","male","turkish",32,353,4,13
528,"Şahin","Acar","male","turkish",32,384,4,13
571,"Şahin","Acar","male","turkish",32,409,4,8
6,"Şahin","Acar","male","turkish",32,1,0,0
762,"Şahin","Acar","male","turkish",32,316,10,14
778,"Şahin","Acar","male","turkish",32,312,1,13
930,"Şahin","Acar","male","turkish",32,408,2,8
