profile_id,first_name,last_name,num_nouns,num_verbs,num_adjectives,num_adverbs,num_pronouns,num_numerals,num_other
1416,Adem,Şeker,71,8,12,5,5,9,87
1485,Adem,Şeker,74,9,11,6,7,8,82
1665,Adem,Şeker,88,2,24,2,2,14,122
1737,Adem,Şeker,84,7,22,1,3,14,107
176,Adem,Şeker,76,3,18,4,4,16,120
1871,Adem,Şeker,85,8,16,5,4,8,133
1885,Adem,Şeker,76,7,12,3,8,5,122
201,Adem,Şeker,74,5,19,7,4,17,106
2100,Adem,Şeker,78,7,14,3,5,10,104
2147,Adem,Şeker,89,6,23,3,3,14,122
2168,Adem,Şeker,69,7,20,5,4,9,102
2173,Adem,Şeker,88,6,19,3,3,17,109
221,Adem,Şeker,68,5,16,5,3,8,86
2566,Adem,Şeker,75,6,20,4,3,15,117
2589,Adem,Şeker,18,1,7,1,2,5,46
2660,Adem,Şeker,89,10,25,4,8,15,102
2793,Adem,Şeker,91,7,22,7,4,19,128
2795,Adem,Şeker,96,9,20,6,6,19,127
2860,Adem,Şeker,84,4,18,5,2,9,107
2927,Adem,Şeker,76,5,15,5,2,14,132
307,Adem,Şeker,73,6,28,2,6,13,113
3131,Adem,Şeker,94,8,22,11,5,12,146
377,Adem,Şeker,96,5,23,3,4,11,124
465,Adem,Şeker,71,7,14,4,4,13,112
528,Adem,Şeker,70,7,23,6,4,7,133
571,Adem,Şeker,76,2,23,6,2,13,116
6,Adem,Şeker,43,7,14,4,4,12,89
762,Adem,Şeker,69,4,15,1,4,14,81
778,Adem,Şeker,77,5,12,8,4,15,112
930,Adem,Şeker,100,6,26,5,2,19,163
1416,Ahmet,Akay,80,8,21,9,5,9,123
1485,Ahmet,Akay,64,6,12,10,6,9,89
1665,Ahmet,Akay,99,8,24,6,5,24,167
1737,Ahmet,Akay,81,5,20,4,2,9,100
176,Ahmet,Akay,82,4,21,3,1,17,109
1871,Ahmet,Akay,94,6,11,2,5,11,109
1885,Ahmet,Akay,84,6,21,3,5,5,113
201,Ahmet,Akay,71,7,14,2,6,17,94
2100,Ahmet,Akay,79,3,13,3,2,11,91
2147,Ahmet,Akay,75,11,14,8,5,21,93
2168,Ahmet,Akay,70,5,14,7,5,17,103
2173,Ahmet,Akay,99,7,20,5,3,16,127
221,Ahmet,Akay,92,5,21,5,5,14,128
2566,Ahmet,Akay,71,7,18,3,3,11,99
2589,Ahmet,Akay,85,4,17,1,4,17,107
2660,Ahmet,Akay,75,8,23,4,7,10,98
2793,Ahmet,Akay,76,7,20,4,5,18,120
2795,Ahmet,Akay,82,2,16,4,2,17,128
2860,Ahmet,Akay,101,6,20,6,4,24,138
2927,Ahmet,Akay,72,8,30,6,6,19,121
307,Ahmet,Akay,72,9,14,1,7,10,96
3131,Ahmet,Akay,75,4,12,3,4,18,113
377,Ahmet,Akay,79,7,16,2,3,12,104
465,Ahmet,Akay,62,7,20,6,5,16,99
528,Ahmet,Akay,85,7,30,5,2,15,148
571,Ahmet,Akay,55,5,13,10,5,13,90
6,Ahmet,Akay,64,9,18,3,4,9,114
762,Ahmet,Akay,74,6,14,3,3,12,118
778,Ahmet,Akay,75,5,18,3,5,10,100
930,Ahmet,Akay,83,8,28,8,5,11,131
1416,Angelika,Kohl,66,3,18,9,7,11,101
1485,Angelika,Kohl,70,4,12,4,1,9,96
1665,Angelika,Kohl,81,5,22,2,3,13,128
1737,Angelika,Kohl,76,5,20,8,4,9,97
176,Angelika,Kohl,76,6,29,6,4,9,143
1871,Angelika,Kohl,79,7,15,5,4,11,116
1885,Angelika,Kohl,68,7,15,8,6,9,101
201,Angelika,Kohl,73,5,22,7,4,11,87
2100,Angelika,Kohl,82,4,19,1,7,9,90
2147,Angelika,Kohl,85,8,12,4,6,17,114
2168,Angelika,Kohl,66,5,15,5,4,18,96
2173,Angelika,Kohl,93,8,12,7,6,19,131
221,Angelika,Kohl,89,8,24,6,5,17,132
2566,Angelika,Kohl,65,5,16,6,4,10,123
2589,Angelika,Kohl,88,6,23,1,3,8,140
2660,Angelika,Kohl,77,5,17,4,5,12,105
2793,Angelika,Kohl,86,4,14,5,3,14,99
2795,Angelika,Kohl,75,5,23,4,3,11,117
2860,Angelika,Kohl,96,5,21,4,2,17,139
2927,Angelika,Kohl,65,3,17,6,3,16,124
307,Angelika,Kohl,97,4,20,4,5,12,115
3131,Angelika,Kohl,86,9,22,9,9,17,145
377,Angelika,Kohl,94,3,22,1,2,18,122
465,Angelika,Kohl,70,4,12,3,1,9,102
528,Angelika,Kohl,72,4,22,2,2,9,110
571,Angelika,Kohl,71,9,21,5,2,10,109
6,Angelika,Kohl,55,7,16,8,4,5,99
762,Angelika,Kohl,86,9,12,5,5,17,114
778,Angelika,Kohl,94,4,21,3,2,14,113
930,Angelika,Kohl,83,4,21,7,4,12,157
1416,Britta,Kern,75,3,24,6,4,11,100
1485,Britta,Kern,79,6,22,3,4,7,93
1665,Britta,Kern,96,5,31,3,3,10,130
1737,Britta,Kern,97,8,29,4,9,10,122
176,Britta,Kern,86,5,20,7,6,15,143
1871,Britta,Kern,79,4,17,6,4,11,110
1885,Britta,Kern,83,4,15,4,3,10,99
201,Britta,Kern,84,6,17,2,4,10,109
2100,Britta,Kern,94,7,22,4,7,12,131
2147,Britta,Kern,82,8,16,2,3,11,114
2168,Britta,Kern,66,5,14,5,3,8,83
2173,Britta,Kern,93,5,14,7,3,9,136
221,Britta,Kern,93,9,27,5,5,10,136
2566,Britta,Kern,68,6,28,6,7,14,113
2589,Britta,Kern,79,6,16,2,4,7,126
2660,Britta,Kern,82,5,25,2,3,8,105
2793,Britta,Kern,69,2,11,5,4,14,102
2795,Britta,Kern,85,3,21,2,3,11,125
2860,Britta,Kern,81,6,23,4,2,11,120
2927,Britta,Kern,58,1,10,9,3,15,107
307,Britta,Kern,75,5,18,6,2,8,95
3131,Britta,Kern,85,7,20,10,3,15,110
377,Britta,Kern,87,9,23,5,7,17,108
465,Britta,Kern,77,4,19,4,3,10,116
528,Britta,Kern,60,4,23,11,4,6,113
571,Britta,Kern,82,8,14,2,5,11,111
6,Britta,Kern,43,7,14,6,4,4,80
762,Britta,Kern,81,4,16,3,5,14,98
778,Britta,Kern,57,5,13,5,2,12,72
930,Britta,Kern,79,4,22,3,5,7,133
1416,Cansu,Turan,71,5,12,5,5,17,86
1485,Cansu,Turan,81,7,12,4,5,10,112
1665,Cansu,Turan,73,5,23,3,3,6,94
1737,Cansu,Turan,67,7,14,6,4,13,100
176,Cansu,Turan,78,6,20,3,7,17,125
1871,Cansu,Turan,84,6,13,8,8,11,120
1885,Cansu,Turan,77,5,18,6,3,5,113
201,Cansu,Turan,87,7,27,3,5,7,87
2100,Cansu,Turan,100,6,21,4,5,14,123
2147,Cansu,Turan,89,7,18,5,4,16,117
2168,Cansu,Turan,68,4,19,3,4,9,110
2173,Cansu,Turan,82,2,22,5,1,13,89
221,Cansu,Turan,84,7,24,7,3,10,116
2566,Cansu,Turan,63,4,16,1,1,9,90
2589,Cansu,Turan,78,6,17,2,5,9,117
2660,Cansu,Turan,94,5,31,5,4,16,122
2793,Cansu,Turan,83,7,18,4,10,10,135
2795,Cansu,Turan,61,3,12,1,3,18,85
2860,Cansu,Turan,81,5,20,5,4,13,101
2927,Cansu,Turan,84,12,25,10,8,3,147
307,Cansu,Turan,64,6,18,6,4,9,87
3131,Cansu,Turan,81,8,19,10,6,9,99
377,Cansu,Turan,88,7,41,4,5,7,131
465,Cansu,Turan,72,3,14,6,4,12,112
528,Cansu,Turan,77,6,25,1,4,10,127
571,Cansu,Turan,76,5,22,5,5,10,112
6,Cansu,Turan,56,9,20,4,4,5,114
762,Cansu,Turan,79,5,16,2,3,13,117
778,Cansu,Turan,74,4,16,5,5,8,84
930,Cansu,Turan,71,6,18,3,4,13,110
1416,Carina,Lindner,72,4,18,4,4,9,98
1485,Carina,Lindner,78,7,17,3,4,12,104
1665,Carina,Lindner,95,6,23,3,5,21,133
1737,Carina,Lindner,79,8,18,6,9,11,106
176,Carina,Lindner,84,8,26,3,6,7,126
1871,Carina,Lindner,84,5,18,3,3,11,106
1885,Carina,Lindner,64,6,15,4,6,11,90
201,Carina,Lindner,79,4,22,1,4,10,87
2100,Carina,Lindner,89,4,22,3,4,15,109
2147,Carina,Lindner,84,7,23,4,5,10,106
2168,Carina,Lindner,73,5,19,2,4,7,105
2173,Carina,Lindner,89,9,25,10,7,14,129
221,Carina,Lindner,81,8,20,5,6,8,106
2566,Carina,Lindner,79,5,19,3,4,15,102
2589,Carina,Lindner,89,8,20,1,8,14,136
2660,Carina,Lindner,77,10,25,4,4,11,119
2793,Carina,Lindner,72,5,20,5,3,11,103
2795,Carina,Lindner,97,3,23,4,3,18,126
2860,Carina,Lindner,82,5,31,2,4,13,104
2927,Carina,Lindner,78,7,22,3,4,9,141
307,Carina,Lindner,70,5,19,4,5,13,96
3131,Carina,Lindner,60,5,20,6,3,11,90
377,Carina,Lindner,78,7,20,6,4,12,104
465,Carina,Lindner,77,6,17,6,2,14,119
528,Carina,Lindner,95,9,30,4,6,10,165
571,Carina,Lindner,76,6,21,2,6,18,91
6,Carina,Lindner,51,9,18,7,4,4,84
762,Carina,Lindner,75,10,12,2,4,18,108
778,Carina,Lindner,92,8,22,6,4,13,124
930,Carina,Lindner,78,4,25,4,3,11,136
1416,Daniel,Kuhn,92,8,20,7,8,10,107
1485,Daniel,Kuhn,72,8,17,9,8,13,95
1665,Daniel,Kuhn,89,2,22,4,4,12,145
1737,Daniel,Kuhn,73,8,23,4,2,5,105
176,Daniel,Kuhn,86,5,20,3,2,17,138
1871,Daniel,Kuhn,86,9,18,8,7,11,121
1885,Daniel,Kuhn,86,6,17,2,3,22,114
201,Daniel,Kuhn,69,4,21,5,4,11,100
2100,Daniel,Kuhn,85,5,22,3,6,10,113
2147,Daniel,Kuhn,94,7,25,6,7,10,121
2168,Daniel,Kuhn,63,6,24,7,5,12,96
2173,Daniel,Kuhn,81,8,19,8,4,13,111
221,Daniel,Kuhn,76,5,22,2,3,10,103
2566,Daniel,Kuhn,53,6,23,2,3,4,92
2589,Daniel,Kuhn,78,5,18,1,2,14,108
2660,Daniel,Kuhn,81,6,19,3,4,11,118
2793,Daniel,Kuhn,84,6,22,3,4,13,135
2795,Daniel,Kuhn,89,2,23,5,3,19,130
2860,Daniel,Kuhn,85,2,19,3,1,9,106
2927,Daniel,Kuhn,85,7,19,9,7,15,125
307,Daniel,Kuhn,82,6,18,8,5,9,97
3131,Daniel,Kuhn,22,4,7,2,3,10,44
377,Daniel,Kuhn,75,3,23,5,4,7,122
465,Daniel,Kuhn,75,3,15,5,3,11,114
528,Daniel,Kuhn,85,5,27,2,5,17,152
571,Daniel,Kuhn,74,2,20,3,2,14,133
6,Daniel,Kuhn,54,7,20,4,3,4,101
762,Daniel,Kuhn,76,5,15,5,6,10,102
778,Daniel,Kuhn,68,2,14,2,3,11,74
930,Daniel,Kuhn,96,6,27,4,3,21,153
1416,Daniela,Kuhn,84,4,15,3,2,12,112
1485,Daniela,Kuhn,74,8,12,5,2,8,89
1665,Daniela,Kuhn,77,1,15,1,0,12,87
1737,Daniela,Kuhn,78,4,23,2,3,10,107
176,Daniela,Kuhn,90,9,23,6,9,8,159
1871,Daniela,Kuhn,84,7,15,4,4,10,123
1885,Daniela,Kuhn,89,4,18,3,4,10,112
201,Daniela,Kuhn,86,8,15,7,8,13,110
2100,Daniela,Kuhn,74,6,18,4,5,7,93
2147,Daniela,Kuhn,87,8,20,4,4,12,106
2168,Daniela,Kuhn,58,6,12,6,3,7,73
2173,Daniela,Kuhn,77,7,19,7,6,12,105
221,Daniela,Kuhn,77,5,25,5,3,6,111
2566,Daniela,Kuhn,68,4,16,3,1,9,103
2589,Daniela,Kuhn,91,7,21,4,6,14,136
2660,Daniela,Kuhn,85,6,18,4,3,9,93
2793,Daniela,Kuhn,73,5,19,6,4,18,101
2795,Daniela,Kuhn,97,5,21,3,6,13,109
2860,Daniela,Kuhn,76,4,20,3,4,16,119
2927,Daniela,Kuhn,64,6,17,9,3,17,125
307,Daniela,Kuhn,79,10,14,3,6,9,107
3131,Daniela,Kuhn,71,3,16,9,3,9,102
377,Daniela,Kuhn,92,6,19,5,5,10,119
465,Daniela,Kuhn,99,7,22,5,4,10,113
528,Daniela,Kuhn,88,5,24,4,5,9,145
571,Daniela,Kuhn,75,5,21,6,4,13,98
6,Daniela,Kuhn,54,8,21,5,5,8,98
762,Daniela,Kuhn,78,6,22,3,6,16,113
778,Daniela,Kuhn,77,3,17,0,2,13,89
930,Daniela,Kuhn,81,8,26,3,5,18,155
1416,Dilek,Karakaya,79,8,25,5,5,9,99
1485,Dilek,Karakaya,80,4,10,5,1,11,130
1665,Dilek,Karakaya,91,5,32,4,2,11,121
1737,Dilek,Karakaya,74,5,23,2,3,6,97
176,Dilek,Karakaya,85,9,19,3,12,10,131
1871,Dilek,Karakaya,82,5,12,7,4,3,109
1885,Dilek,Karakaya,77,6,15,6,5,10,113
201,Dilek,Karakaya,86,6,13,4,4,12,104
2100,Dilek,Karakaya,79,7,19,3,4,11,85
2147,Dilek,Karakaya,77,4,21,4,4,13,103
2168,Dilek,Karakaya,54,3,15,2,0,14,76
2173,Dilek,Karakaya,78,5,10,5,4,11,93
221,Dilek,Karakaya,83,6,20,5,3,8,118
2566,Dilek,Karakaya,48,4,14,1,3,4,67
2589,Dilek,Karakaya,82,6,16,1,5,10,125
2660,Dilek,Karakaya,91,6,25,6,2,12,119
2793,Dilek,Karakaya,80,9,14,8,7,20,117
2795,Dilek,Karakaya,93,6,18,3,2,14,154
2860,Dilek,Karakaya,76,7,19,6,4,10,88
2927,Dilek,Karakaya,64,4,11,5,3,5,108
307,Dilek,Karakaya,78,6,25,7,3,15,120
3131,Dilek,Karakaya,66,4,10,8,3,8,111
377,Dilek,Karakaya,88,4,20,2,2,9,129
465,Dilek,Karakaya,79,4,16,2,3,10,108
528,Dilek,Karakaya,82,5,28,7,4,10,113
571,Dilek,Karakaya,80,7,17,1,4,8,97
6,Dilek,Karakaya,50,12,13,11,4,6,95
762,Dilek,Karakaya,75,7,17,4,9,20,92
778,Dilek,Karakaya,78,6,17,6,3,8,90
930,Dilek,Karakaya,74,5,24,2,5,10,134
1416,Emre,Eren,74,5,23,5,4,16,100
1485,Emre,Eren,70,3,11,5,4,10,95
1665,Emre,Eren,83,4,28,0,5,15,136
1737,Emre,Eren,69,6,22,1,5,8,91
176,Emre,Eren,70,4,16,4,2,25,131
1871,Emre,Eren,99,4,21,4,2,16,118
1885,Emre,Eren,95,7,18,4,2,10,160
201,Emre,Eren,94,8,15,7,4,13,104
2100,Emre,Eren,81,9,22,3,6,11,79
2147,Emre,Eren,85,6,17,7,2,17,99
2168,Emre,Eren,83,7,20,4,4,11,126
2173,Emre,Eren,71,6,19,7,5,9,89
221,Emre,Eren,82,7,17,4,3,9,118
2566,Emre,Eren,61,5,22,3,4,9,93
2589,Emre,Eren,20,0,5,4,0,4,44
2660,Emre,Eren,78,7,20,7,3,9,98
2793,Emre,Eren,88,4,22,4,3,16,118
2795,Emre,Eren,81,6,20,5,9,29,129
2860,Emre,Eren,82,6,25,4,5,8,116
2927,Emre,Eren,72,8,22,8,4,6,118
307,Emre,Eren,82,6,16,3,5,11,116
3131,Emre,Eren,67,10,13,3,10,11,101
377,Emre,Eren,64,4,16,4,2,8,92
465,Emre,Eren,92,7,22,4,4,15,140
528,Emre,Eren,73,6,27,9,5,10,134
571,Emre,Eren,60,4,24,5,2,9,117
6,Emre,Eren,38,3,15,2,3,5,66
762,Emre,Eren,81,11,19,1,8,9,95
778,Emre,Eren,66,5,15,5,3,14,95
930,Emre,Eren,79,8,24,2,4,15,126
1416,Fabian,Kern,70,2,10,6,4,13,96
1485,Fabian,Kern,69,6,10,8,2,9,111
1665,Fabian,Kern,89,3,24,2,3,20,146
1737,Fabian,Kern,72,5,17,2,1,9,81
176,Fabian,Kern,83,7,19,1,6,14,122
1871,Fabian,Kern,91,5,15,7,3,11,112
1885,Fabian,Kern,76,5,21,4,3,9,82
201,Fabian,Kern,70,3,16,8,3,8,75
2100,Fabian,Kern,83,3,18,3,5,10,99
2147,Fabian,Kern,82,6,27,4,3,17,120
2168,Fabian,Kern,64,5,13,4,4,13,78
2173,Fabian,Kern,72,6,12,1,3,19,86
221,Fabian,Kern,84,6,20,5,5,12,106
2566,Fabian,Kern,59,5,23,2,3,9,91
2589,Fabian,Kern,93,6,23,2,5,15,144
2660,Fabian,Kern,84,6,21,4,3,12,109
2793,Fabian,Kern,84,6,13,4,5,18,122
2795,Fabian,Kern,79,5,17,7,5,17,110
2860,Fabian,Kern,85,3,16,4,4,13,133
2927,Fabian,Kern,70,7,13,7,5,12,116
307,Fabian,Kern,87,8,18,8,6,7,110
3131,Fabian,Kern,92,7,19,5,3,18,140
377,Fabian,Kern,82,5,25,8,5,9,113
465,Fabian,Kern,68,6,20,5,3,8,95
528,Fabian,Kern,90,4,30,4,3,8,128
571,Fabian,Kern,82,4,18,3,3,11,90
6,Fabian,Kern,46,9,16,6,5,7,81
762,Fabian,Kern,76,5,10,4,5,15,89
778,Fabian,Kern,74,4,22,6,4,20,86
930,Fabian,Kern,76,7,20,4,5,15,130
1416,Fikret,Akman,70,5,17,6,5,11,115
1485,Fikret,Akman,74,4,17,3,1,7,97
1665,Fikret,Akman,91,5,31,5,4,10,142
1737,Fikret,Akman,77,4,16,2,3,7,89
176,Fikret,Akman,76,9,15,4,7,13,102
1871,Fikret,Akman,91,8,26,4,7,18,124
1885,Fikret,Akman,78,8,18,2,6,16,112
201,Fikret,Akman,81,5,18,3,5,13,106
2100,Fikret,Akman,87,5,14,5,3,9,115
2147,Fikret,Akman,84,4,22,5,4,12,137
2168,Fikret,Akman,63,4,17,9,5,15,87
2173,Fikret,Akman,78,6,19,4,1,14,107
221,Fikret,Akman,63,6,14,9,5,9,83
2566,Fikret,Akman,69,3,25,4,4,11,97
2589,Fikret,Akman,86,8,19,4,7,16,137
2660,Fikret,Akman,82,4,26,2,3,15,119
2793,Fikret,Akman,86,7,10,4,5,11,101
2795,Fikret,Akman,97,6,17,6,4,9,137
2860,Fikret,Akman,76,7,21,7,5,8,113
2927,Fikret,Akman,100,11,17,6,8,14,137
307,Fikret,Akman,74,5,15,3,4,9,80
3131,Fikret,Akman,90,8,18,10,7,10,119
377,Fikret,Akman,83,9,30,6,2,8,111
465,Fikret,Akman,77,5,15,2,4,12,116
528,Fikret,Akman,94,6,26,6,5,19,140
571,Fikret,Akman,63,3,18,1,3,9,76
6,Fikret,Akman,54,12,22,5,4,12,101
762,Fikret,Akman,75,5,18,5,4,11,124
778,Fikret,Akman,82,3,20,5,1,16,120
930,Fikret,Akman,72,5,23,7,2,17,118
1416,Gül,Sönmez,60,8,9,6,4,14,91
1485,Gül,Sönmez,69,9,13,4,5,10,109
1665,Gül,Sönmez,84,4,23,2,2,11,131
1737,Gül,Sönmez,77,7,21,7,4,15,93
176,Gül,Sönmez,75,5,27,10,5,12,131
1871,Gül,Sönmez,80,5,17,3,6,11,109
1885,Gül,Sönmez,78,4,24,3,2,12,102
201,Gül,Sönmez,72,6,29,6,5,9,106
2100,Gül,Sönmez,92,9,16,4,5,14,91
2147,Gül,Sönmez,73,3,16,5,2,12,111
2168,Gül,Sönmez,59,6,20,2,3,12,102
2173,Gül,Sönmez,87,6,17,8,3,11,116
221,Gül,Sönmez,80,3,25,3,4,13,118
2566,Gül,Sönmez,70,5,31,7,3,18,90
2589,Gül,Sönmez,77,9,21,4,7,10,125
2660,Gül,Sönmez,93,7,22,9,4,10,134
2793,Gül,Sönmez,89,5,21,6,4,15,145
2795,Gül,Sönmez,88,4,13,6,3,12,104
2860,Gül,Sönmez,67,3,17,5,2,11,87
2927,Gül,Sönmez,67,6,16,7,3,10,97
307,Gül,Sönmez,60,5,14,10,3,16,82
3131,Gül,Sönmez,95,5,21,3,4,9,129
377,Gül,Sönmez,77,5,13,4,4,8,108
465,Gül,Sönmez,71,7,15,7,4,9,89
528,Gül,Sönmez,87,4,22,4,3,8,143
571,Gül,Sönmez,77,7,19,4,4,12,111
6,Gül,Sönmez,48,3,17,4,2,5,92
762,Gül,Sönmez,74,4,14,3,5,6,113
778,Gül,Sönmez,75,6,22,4,4,17,82
930,Gül,Sönmez,64,3,21,4,1,17,104
1416,Hatice,Şeker,66,4,15,5,4,16,87
1485,Hatice,Şeker,74,6,10,5,3,6,86
1665,Hatice,Şeker,113,8,28,5,3,10,164
1737,Hatice,Şeker,64,12,22,6,7,6,90
176,Hatice,Şeker,79,3,20,1,4,16,109
1871,Hatice,Şeker,88,5,13,1,7,9,112
1885,Hatice,Şeker,81,7,23,2,4,8,124
201,Hatice,Şeker,86,14,25,5,11,17,113
2100,Hatice,Şeker,75,5,18,3,2,13,89
2147,Hatice,Şeker,96,5,20,9,3,15,140
2168,Hatice,Şeker,75,6,18,2,1,8,106
2173,Hatice,Şeker,72,5,17,5,2,8,98
221,Hatice,Şeker,84,6,18,5,2,9,111
2566,Hatice,Şeker,72,5,19,5,2,10,86
2589,Hatice,Şeker,92,7,19,4,7,7,145
2660,Hatice,Şeker,89,7,20,4,5,9,112
2793,Hatice,Şeker,82,7,18,6,3,17,102
2795,Hatice,Şeker,94,6,20,6,6,20,133
2860,Hatice,Şeker,67,5,17,4,3,14,76
2927,Hatice,Şeker,64,4,13,2,2,9,115
307,Hatice,Şeker,74,4,13,3,2,13,87
3131,Hatice,Şeker,74,5,16,5,4,15,104
377,Hatice,Şeker,80,8,34,6,5,7,89
465,Hatice,Şeker,78,8,16,5,5,8,119
528,Hatice,Şeker,83,8,25,3,3,12,128
571,Hatice,Şeker,72,5,20,4,3,13,86
6,Hatice,Şeker,42,7,15,2,2,5,81
762,Hatice,Şeker,73,4,15,5,4,15,89
778,Hatice,Şeker,64,5,17,3,1,8,86
930,Hatice,Şeker,86,4,16,6,3,13,170
1416,Havva,Eren,75,3,12,7,4,9,104
1485,Havva,Eren,86,6,14,10,3,9,133
1665,Havva,Eren,109,5,33,3,4,8,153
1737,Havva,Eren,72,6,24,3,3,16,89
176,Havva,Eren,69,4,20,3,4,9,130
1871,Havva,Eren,95,3,14,2,3,10,99
1885,Havva,Eren,77,4,13,7,4,8,114
201,Havva,Eren,100,4,17,11,2,12,102
2100,Havva,Eren,96,6,19,2,5,12,121
2147,Havva,Eren,84,7,12,4,4,11,109
2168,Havva,Eren,75,6,21,3,4,10,122
2173,Havva,Eren,92,7,22,5,4,12,121
221,Havva,Eren,71,6,19,4,4,9,90
2566,Havva,Eren,60,4,22,1,5,11,98
2589,Havva,Eren,92,4,25,1,2,14,106
2660,Havva,Eren,77,6,19,2,2,10,99
2793,Havva,Eren,74,5,17,8,5,16,111
2795,Havva,Eren,80,4,16,1,2,11,108
2860,Havva,Eren,91,6,30,5,4,11,129
2927,Havva,Eren,83,8,17,7,5,10,147
307,Havva,Eren,77,5,14,5,4,8,84
3131,Havva,Eren,79,5,18,4,4,8,123
377,Havva,Eren,80,8,21,2,3,8,122
465,Havva,Eren,82,5,20,5,4,9,103
528,Havva,Eren,74,4,22,3,6,4,99
571,Havva,Eren,72,7,18,5,2,10,117
6,Havva,Eren,52,6,13,7,4,6,86
762,Havva,Eren,85,6,19,3,4,12,113
778,Havva,Eren,102,8,21,4,5,12,119
930,Havva,Eren,81,6,29,3,2,11,137
1416,Henrik,Kohl,69,5,12,8,4,9,86
1485,Henrik,Kohl,67,7,13,7,4,11,111
1665,Henrik,Kohl,90,6,24,4,3,17,132
1737,Henrik,Kohl,88,7,20,2,5,10,110
176,Henrik,Kohl,73,4,24,1,2,20,130
1871,Henrik,Kohl,79,1,8,5,1,10,112
1885,Henrik,Kohl,83,5,22,2,4,17,123
201,Henrik,Kohl,85,4,19,2,3,13,118
2100,Henrik,Kohl,82,3,19,2,2,12,90
2147,Henrik,Kohl,76,6,18,5,3,22,86
2168,Henrik,Kohl,72,3,15,1,3,13,114
2173,Henrik,Kohl,90,5,18,6,2,11,111
221,Henrik,Kohl,83,7,24,3,4,9,137
2566,Henrik,Kohl,67,4,18,4,4,8,99
2589,Henrik,Kohl,87,5,21,5,4,10,142
2660,Henrik,Kohl,97,3,22,4,2,11,122
2793,Henrik,Kohl,78,7,16,5,4,21,119
2795,Henrik,Kohl,80,7,15,9,9,19,144
2860,Henrik,Kohl,75,5,21,3,2,16,83
2927,Henrik,Kohl,73,5,18,6,4,10,135
307,Henrik,Kohl,78,6,15,9,4,13,113
3131,Henrik,Kohl,88,5,20,5,3,16,133
377,Henrik,Kohl,95,12,24,3,7,17,134
465,Henrik,Kohl,64,3,11,6,4,10,98
528,Henrik,Kohl,59,9,19,4,8,19,94
571,Henrik,Kohl,66,8,20,5,5,14,97
6,Henrik,Kohl,50,4,17,6,2,8,94
762,Henrik,Kohl,84,3,20,3,4,13,107
778,Henrik,Kohl,81,2,19,2,2,15,107
930,Henrik,Kohl,86,5,27,6,4,17,146
1416,Hilal,Akay,85,6,16,7,5,8,119
1485,Hilal,Akay,83,7,19,4,5,9,132
1665,Hilal,Akay,78,2,23,3,2,18,126
1737,Hilal,Akay,73,8,20,5,6,11,76
176,Hilal,Akay,81,6,28,5,5,11,130
1871,Hilal,Akay,85,5,13,5,2,10,118
1885,Hilal,Akay,92,11,16,6,6,14,165
201,Hilal,Akay,77,7,15,4,4,12,108
2100,Hilal,Akay,91,4,19,5,4,10,95
2147,Hilal,Akay,78,2,17,6,2,10,96
2168,Hilal,Akay,66,7,12,6,4,8,92
2173,Hilal,Akay,95,10,20,6,4,11,122
221,Hilal,Akay,82,6,20,6,3,10,110
2566,Hilal,Akay,49,6,15,3,3,9,66
2589,Hilal,Akay,80,4,19,4,4,11,105
2660,Hilal,Akay,81,6,20,1,2,15,115
2793,Hilal,Akay,82,5,20,4,3,12,105
2795,Hilal,Akay,99,7,20,7,5,14,132
2860,Hilal,Akay,97,8,27,2,3,20,112
2927,Hilal,Akay,66,4,15,5,4,10,99
307,Hilal,Akay,76,6,18,4,2,8,98
3131,Hilal,Akay,91,3,21,5,2,11,135
377,Hilal,Akay,91,7,21,6,4,10,112
465,Hilal,Akay,76,4,18,3,3,11,93
528,Hilal,Akay,72,6,23,3,7,18,123
571,Hilal,Akay,96,8,26,5,4,12,154
6,Hilal,Akay,58,8,12,0,4,16,95
762,Hilal,Akay,87,6,22,3,4,16,140
778,Hilal,Akay,86,8,17,9,5,8,95
930,Hilal,Akay,73,3,15,6,4,13,119
1416,Jennifer,Neubauer,73,5,17,3,3,10,107
1485,Jennifer,Neubauer,77,7,16,5,6,11,115
1665,Jennifer,Neubauer,80,4,30,7,4,11,116
1737,Jennifer,Neubauer,83,4,19,2,5,11,106
176,Jennifer,Neubauer,70,6,20,1,2,15,100
1871,Jennifer,Neubauer,90,6,13,7,5,11,103
1885,Jennifer,Neubauer,76,6,22,7,4,13,104
201,Jennifer,Neubauer,80,5,26,10,6,9,120
2100,Jennifer,Neubauer,99,8,24,4,3,11,113
2147,Jennifer,Neubauer,87,3,23,4,3,18,112
2168,Jennifer,Neubauer,66,7,20,6,6,10,94
2173,Jennifer,Neubauer,72,4,12,10,4,13,108
221,Jennifer,Neubauer,84,7,26,7,4,11,125
2566,Jennifer,Neubauer,58,5,15,5,2,14,105
2589,Jennifer,Neubauer,77,5,19,4,3,13,123
2660,Jennifer,Neubauer,83,9,20,4,5,10,114
2793,Jennifer,Neubauer,81,10,19,5,11,18,137
2795,Jennifer,Neubauer,79,5,20,5,3,16,112
2860,Jennifer,Neubauer,80,3,19,7,2,12,118
2927,Jennifer,Neubauer,90,5,24,4,3,16,157
307,Jennifer,Neubauer,93,3,17,3,4,11,131
3131,Jennifer,Neubauer,84,5,18,7,3,9,127
377,Jennifer,Neubauer,82,6,25,3,4,11,132
465,Jennifer,Neubauer,87,5,14,4,3,9,96
528,Jennifer,Neubauer,76,6,24,8,3,9,107
571,Jennifer,Neubauer,85,4,15,7,4,11,123
6,Jennifer,Neubauer,47,6,20,2,3,10,104
762,Jennifer,Neubauer,82,7,20,3,7,10,138
778,Jennifer,Neubauer,79,4,11,5,5,11,108
930,Jennifer,Neubauer,71,4,23,3,2,11,144
1416,Jörg,Engel,69,5,9,4,3,11,110
1485,Jörg,Engel,69,11,16,9,8,5,89
1665,Jörg,Engel,82,6,25,7,6,8,121
1737,Jörg,Engel,87,7,23,3,4,8,106
176,Jörg,Engel,86,7,23,3,4,10,121
1871,Jörg,Engel,81,5,16,9,5,10,106
1885,Jörg,Engel,94,5,13,4,4,10,129
201,Jörg,Engel,74,5,21,4,3,9,78
2100,Jörg,Engel,85,6,21,6,3,13,120
2147,Jörg,Engel,98,5,18,4,5,16,129
2168,Jörg,Engel,75,6,17,6,3,11,104
2173,Jörg,Engel,86,4,19,11,3,17,107
221,Jörg,Engel,83,6,23,5,3,11,127
2566,Jörg,Engel,74,6,22,0,3,8,108
2589,Jörg,Engel,88,8,13,2,5,14,136
2660,Jörg,Engel,67,5,17,4,2,11,94
2793,Jörg,Engel,85,5,16,5,5,17,115
2795,Jörg,Engel,88,6,24,1,4,10,114
2860,Jörg,Engel,103,3,27,10,3,12,138
2927,Jörg,Engel,79,8,20,4,7,11,122
307,Jörg,Engel,70,5,18,4,5,10,106
3131,Jörg,Engel,71,7,13,3,5,15,102
377,Jörg,Engel,84,5,22,3,4,13,135
465,Jörg,Engel,67,1,10,1,0,15,84
528,Jörg,Engel,86,5,28,3,3,18,126
571,Jörg,Engel,85,5,18,3,5,10,102
6,Jörg,Engel,47,8,16,4,4,10,86
762,Jörg,Engel,87,3,19,4,4,11,116
778,Jörg,Engel,74,9,18,5,3,14,91
930,Jörg,Engel,89,7,31,8,6,13,153
1416,Kai,Lindner,71,5,15,5,4,15,103
1485,Kai,Lindner,86,6,18,2,2,7,119
1665,Kai,Lindner,80,3,16,7,4,15,144
1737,Kai,Lindner,63,5,18,4,4,7,73
176,Kai,Lindner,87,5,17,8,3,12,126
1871,Kai,Lindner,87,9,23,6,7,16,105
1885,Kai,Lindner,65,4,13,3,3,15,91
201,Kai,Lindner,77,7,20,4,5,9,82
2100,Kai,Lindner,95,4,18,3,3,11,88
2147,Kai,Lindner,80,4,14,0,2,11,108
2168,Kai,Lindner,69,6,14,2,6,7,95
2173,Kai,Lindner,93,3,19,5,4,13,111
221,Kai,Lindner,78,4,18,6,6,12,128
2566,Kai,Lindner,77,6,18,0,2,15,88
2589,Kai,Lindner,90,8,17,5,5,14,133
2660,Kai,Lindner,72,5,21,4,4,11,78
2793,Kai,Lindner,89,5,19,6,4,19,133
2795,Kai,Lindner,85,5,18,6,3,14,128
2860,Kai,Lindner,103,5,25,6,8,19,168
2927,Kai,Lindner,64,5,14,6,2,7,89
307,Kai,Lindner,67,8,18,7,3,11,102
3131,Kai,Lindner,80,6,11,2,6,8,122
377,Kai,Lindner,73,8,24,3,5,8,122
465,Kai,Lindner,86,6,15,3,5,16,138
528,Kai,Lindner,92,4,25,6,4,7,139
571,Kai,Lindner,66,5,20,1,3,9,71
6,Kai,Lindner,47,8,14,5,1,4,102
762,Kai,Lindner,79,4,19,4,4,11,95
778,Kai,Lindner,74,5,16,2,5,16,83
930,Kai,Lindner,95,6,22,10,3,10,136
1416,Kübra,Ayyildiz,79,5,17,3,3,8,118
1485,Kübra,Ayyildiz,82,6,20,5,3,16,124
1665,Kübra,Ayyildiz,79,5,24,1,6,16,121
1737,Kübra,Ayyildiz,74,5,14,7,3,8,95
176,Kübra,Ayyildiz,85,5,18,3,4,10,120
1871,Kübra,Ayyildiz,67,5,17,7,3,9,103
1885,Kübra,Ayyildiz,78,5,22,1,8,14,85
201,Kübra,Ayyildiz,76,6,20,5,5,9,97
2100,Kübra,Ayyildiz,85,4,21,5,4,11,116
2147,Kübra,Ayyildiz,68,6,22,3,4,18,94
2168,Kübra,Ayyildiz,92,9,20,1,4,6,133
2173,Kübra,Ayyildiz,67,4,14,6,2,11,90
221,Kübra,Ayyildiz,76,2,21,3,3,16,101
2566,Kübra,Ayyildiz,55,2,17,3,2,15,95
2589,Kübra,Ayyildiz,94,6,21,3,4,8,130
2660,Kübra,Ayyildiz,69,7,24,7,6,8,107
2793,Kübra,Ayyildiz,81,6,17,2,3,22,111
2795,Kübra,Ayyildiz,90,4,29,6,4,9,126
2860,Kübra,Ayyildiz,90,5,25,4,2,13,119
2927,Kübra,Ayyildiz,70,6,20,2,3,8,115
307,Kübra,Ayyildiz,78,7,18,4,7,7,116
3131,Kübra,Ayyildiz,82,8,22,4,4,8,112
377,Kübra,Ayyildiz,87,5,27,5,5,11,150
465,Kübra,Ayyildiz,79,4,10,4,4,11,109
528,Kübra,Ayyildiz,83,3,23,4,2,9,130
571,Kübra,Ayyildiz,65,3,16,4,2,9,86
6,Kübra,Ayyildiz,53,6,21,4,1,5,84
762,Kübra,Ayyildiz,89,3,14,2,5,14,93
778,Kübra,Ayyildiz,89,8,19,4,7,14,128
930,Kübra,Ayyildiz,74,6,21,4,5,21,133
1416,Levent,Karakaya,66,5,14,3,8,16,92
1485,Levent,Karakaya,73,3,11,3,3,14,84
1665,Levent,Karakaya,87,5,24,6,5,18,117
1737,Levent,Karakaya,68,5,13,3,2,5,71
176,Levent,Karakaya,73,5,20,8,5,7,122
1871,Levent,Karakaya,83,4,17,4,4,16,82
1885,Levent,Karakaya,70,7,12,4,2,12,102
201,Levent,Karakaya,93,7,15,4,4,10,85
2100,Levent,Karakaya,85,5,26,0,3,13,105
2147,Levent,Karakaya,89,3,21,3,2,11,112
2168,Levent,Karakaya,74,4,21,3,3,16,109
2173,Levent,Karakaya,85,5,18,4,4,10,119
221,Levent,Karakaya,62,4,23,2,3,5,118
2566,Levent,Karakaya,60,9,16,5,3,15,109
2589,Levent,Karakaya,83,6,29,3,4,16,131
2660,Levent,Karakaya,80,4,30,5,5,11,103
2793,Levent,Karakaya,91,7,20,7,4,12,139
2795,Levent,Karakaya,83,4,17,5,4,15,120
2860,Levent,Karakaya,66,3,19,1,4,14,80
2927,Levent,Karakaya,72,4,16,7,5,7,132
307,Levent,Karakaya,68,6,28,6,7,12,82
3131,Levent,Karakaya,87,5,20,4,4,16,137
377,Levent,Karakaya,102,7,25,4,4,17,158
465,Levent,Karakaya,81,7,16,3,4,12,109
528,Levent,Karakaya,79,6,32,1,4,16,132
571,Levent,Karakaya,69,6,17,3,5,10,102
6,Levent,Karakaya,39,8,11,5,5,9,80
762,Levent,Karakaya,74,7,29,6,3,14,96
778,Levent,Karakaya,85,6,17,4,4,17,88
930,Levent,Karakaya,92,4,26,4,4,12,151
1416,Marcel,Popp,77,7,16,6,5,10,114
1485,Marcel,Popp,85,8,13,10,6,9,101
1665,Marcel,Popp,85,9,22,4,6,16,161
1737,Marcel,Popp,78,4,16,4,3,12,109
176,Marcel,Popp,76,6,23,4,4,8,99
1871,Marcel,Popp,87,7,18,7,5,12,117
1885,Marcel,Popp,74,5,20,4,3,5,101
201,Marcel,Popp,96,12,16,7,9,21,117
2100,Marcel,Popp,87,5,17,8,4,12,93
2147,Marcel,Popp,83,6,16,3,5,10,107
2168,Marcel,Popp,69,4,15,5,5,13,122
2173,Marcel,Popp,61,7,18,4,2,6,78
221,Marcel,Popp,73,10,17,6,4,9,113
2566,Marcel,Popp,70,5,20,2,3,8,100
2589,Marcel,Popp,86,9,17,2,9,7,132
2660,Marcel,Popp,80,5,19,1,3,16,111
2793,Marcel,Popp,79,8,15,4,6,16,118
2795,Marcel,Popp,88,9,17,3,10,20,134
2860,Marcel,Popp,78,8,23,10,3,16,108
2927,Marcel,Popp,78,8,18,4,6,8,150
307,Marcel,Popp,82,4,21,6,3,18,114
3131,Marcel,Popp,66,5,20,7,1,11,102
377,Marcel,Popp,83,7,25,4,4,12,108
465,Marcel,Popp,90,7,15,8,7,10,148
528,Marcel,Popp,89,4,31,1,2,10,201
571,Marcel,Popp,74,7,22,4,4,6,119
6,Marcel,Popp,21,4,5,0,1,5,37
762,Marcel,Popp,75,3,21,5,6,8,107
778,Marcel,Popp,88,6,18,2,6,13,115
930,Marcel,Popp,85,4,23,3,2,11,148
1416,Marco,Neubauer,58,6,11,8,5,8,71
1485,Marco,Neubauer,78,7,20,7,4,8,117
1665,Marco,Neubauer,124,6,34,8,4,22,206
1737,Marco,Neubauer,79,7,19,1,6,5,108
176,Marco,Neubauer,90,5,22,9,4,12,155
1871,Marco,Neubauer,98,7,16,7,5,10,142
1885,Marco,Neubauer,84,8,21,4,6,13,120
201,Marco,Neubauer,83,5,18,8,4,11,124
2100,Marco,Neubauer,69,7,22,2,4,18,93
2147,Marco,Neubauer,104,3,18,6,4,14,118
2168,Marco,Neubauer,64,4,17,2,5,15,106
2173,Marco,Neubauer,97,7,26,8,5,11,154
221,Marco,Neubauer,73,6,17,3,4,18,111
2566,Marco,Neubauer,54,4,13,5,1,4,83
2589,Marco,Neubauer,86,5,20,4,4,13,117
2660,Marco,Neubauer,70,7,22,6,8,14,104
2793,Marco,Neubauer,72,6,20,6,6,12,97
2795,Marco,Neubauer,90,2,25,5,4,13,104
2860,Marco,Neubauer,75,9,21,6,6,11,121
2927,Marco,Neubauer,62,5,18,3,2,9,95
307,Marco,Neubauer,77,2,22,6,3,10,97
3131,Marco,Neubauer,75,7,18,8,2,8,123
377,Marco,Neubauer,83,5,20,1,4,10,124
465,Marco,Neubauer,70,4,17,5,4,7,109
528,Marco,Neubauer,74,4,20,6,4,14,103
571,Marco,Neubauer,64,6,16,5,3,9,90
6,Marco,Neubauer,60,11,21,4,3,4,121
762,Marco,Neubauer,77,4,13,5,4,10,98
778,Marco,Neubauer,87,3,19,3,5,15,100
930,Marco,Neubauer,86,4,20,5,4,15,140
1416,Mareen,Stoll,57,5,14,3,6,7,75
1485,Mareen,Stoll,72,7,10,4,4,9,99
1665,Mareen,Stoll,83,6,28,1,4,11,138
1737,Mareen,Stoll,89,7,23,2,6,9,115
176,Mareen,Stoll,83,8,27,6,6,10,136
1871,Mareen,Stoll,90,6,19,7,5,10,127
1885,Mareen,Stoll,68,6,19,3,4,16,92
201,Mareen,Stoll,79,8,20,6,7,12,114
2100,Mareen,Stoll,96,5,25,5,3,13,104
2147,Mareen,Stoll,98,7,19,6,6,9,144
2168,Mareen,Stoll,75,5,18,3,5,9,121
2173,Mareen,Stoll,74,5,19,2,2,7,90
221,Mareen,Stoll,85,6,27,4,5,6,121
2566,Mareen,Stoll,79,6,19,5,3,7,116
2589,Mareen,Stoll,94,8,17,2,5,11,129
2660,Mareen,Stoll,76,6,16,4,5,8,91
2793,Mareen,Stoll,85,3,14,7,3,16,134
2795,Mareen,Stoll,77,9,19,10,6,15,149
2860,Mareen,Stoll,78,6,19,4,4,8,107
2927,Mareen,Stoll,69,5,22,4,5,6,97
307,Mareen,Stoll,66,4,15,6,2,6,76
3131,Mareen,Stoll,89,9,18,6,8,8,141
377,Mareen,Stoll,85,5,25,3,6,11,114
465,Mareen,Stoll,88,7,19,5,1,10,138
528,Mareen,Stoll,72,8,30,4,4,13,117
571,Mareen,Stoll,61,10,13,4,4,11,102
6,Mareen,Stoll,55,3,19,3,3,5,84
762,Mareen,Stoll,79,7,18,3,4,10,95
778,Mareen,Stoll,86,5,21,7,4,10,115
930,Mareen,Stoll,82,3,18,4,2,18,123
1416,Michael,Ackermann,68,6,12,3,5,9,86
1485,Michael,Ackermann,80,7,12,8,4,6,126
1665,Michael,Ackermann,69,0,16,1,0,19,105
1737,Michael,Ackermann,76,5,11,4,4,15,82
176,Michael,Ackermann,86,5,15,2,4,20,154
1871,Michael,Ackermann,70,6,17,5,6,13,107
1885,Michael,Ackermann,104,8,23,4,5,17,122
201,Michael,Ackermann,73,6,19,2,3,9,84
2100,Michael,Ackermann,78,5,23,5,4,11,104
2147,Michael,Ackermann,104,4,20,4,2,19,148
2168,Michael,Ackermann,71,4,23,4,5,9,105
2173,Michael,Ackermann,83,5,15,6,3,20,104
221,Michael,Ackermann,82,6,19,7,6,10,129
2566,Michael,Ackermann,60,7,17,7,7,14,106
2589,Michael,Ackermann,84,5,14,2,2,15,130
2660,Michael,Ackermann,81,4,20,2,2,12,101
2793,Michael,Ackermann,82,3,22,4,3,16,140
2795,Michael,Ackermann,79,6,22,5,4,7,97
2860,Michael,Ackermann,73,5,15,4,3,19,86
2927,Michael,Ackermann,68,4,17,4,2,9,116
307,Michael,Ackermann,51,5,12,5,2,8,80
3131,Michael,Ackermann,85,2,19,10,4,13,128
377,Michael,Ackermann,87,4,26,2,4,9,129
465,Michael,Ackermann,67,6,17,3,4,5,106
528,Michael,Ackermann,89,3,32,9,3,11,150
571,Michael,Ackermann,71,3,14,5,2,14,91
6,Michael,Ackermann,37,5,13,4,5,7,74
762,Michael,Ackermann,83,10,15,2,6,19,156
778,Michael,Ackermann,82,8,16,2,4,11,111
930,Michael,Ackermann,84,3,28,8,2,21,133
1416,Necla,Akman,75,7,14,10,6,7,85
1485,Necla,Akman,69,3,12,7,3,12,81
1665,Necla,Akman,76,9,26,1,5,7,140
1737,Necla,Akman,69,7,19,4,5,5,100
176,Necla,Akman,80,7,22,6,4,11,114
1871,Necla,Akman,94,8,21,11,5,15,147
1885,Necla,Akman,95,11,13,6,6,8,129
201,Necla,Akman,78,6,19,3,5,14,94
2100,Necla,Akman,88,4,21,4,3,12,117
2147,Necla,Akman,98,5,19,3,5,25,122
2168,Necla,Akman,63,5,19,6,3,15,109
2173,Necla,Akman,80,7,21,5,3,18,113
221,Necla,Akman,90,5,29,5,3,10,112
2566,Necla,Akman,50,5,13,3,2,5,104
2589,Necla,Akman,88,5,12,3,3,13,138
2660,Necla,Akman,79,4,22,8,3,9,120
2793,Necla,Akman,105,2,27,4,2,14,134
2795,Necla,Akman,82,7,16,7,2,12,99
2860,Necla,Akman,84,8,20,2,6,9,112
2927,Necla,Akman,76,9,21,3,4,8,137
307,Necla,Akman,69,6,17,5,3,8,89
3131,Necla,Akman,90,4,30,7,3,8,152
377,Necla,Akman,80,7,20,2,5,18,111
465,Necla,Akman,74,6,11,3,3,3,110
528,Necla,Akman,73,9,21,7,2,8,142
571,Necla,Akman,73,8,15,4,3,15,106
6,Necla,Akman,64,3,23,1,1,4,108
762,Necla,Akman,75,5,16,4,3,10,109
778,Necla,Akman,88,9,20,4,8,11,96
930,Necla,Akman,105,6,27,5,3,18,199
1416,Nicole,Engel,65,5,10,7,4,10,99
1485,Nicole,Engel,68,8,14,5,7,8,90
1665,Nicole,Engel,77,4,22,3,3,8,116
1737,Nicole,Engel,84,5,17,11,3,8,110
176,Nicole,Engel,69,8,18,3,8,15,104
1871,Nicole,Engel,83,3,16,1,6,8,100
1885,Nicole,Engel,84,5,17,7,2,8,117
201,Nicole,Engel,71,4,18,7,3,16,106
2100,Nicole,Engel,86,8,33,7,5,16,108
2147,Nicole,Engel,73,6,16,6,4,17,100
2168,Nicole,Engel,72,5,21,1,2,14,96
2173,Nicole,Engel,84,5,18,5,5,15,114
221,Nicole,Engel,93,7,26,4,5,11,126
2566,Nicole,Engel,65,5,20,2,3,14,93
2589,Nicole,Engel,74,3,15,5,3,17,117
2660,Nicole,Engel,68,8,19,5,3,8,94
2793,Nicole,Engel,75,2,22,1,1,13,100
2795,Nicole,Engel,66,3,16,4,3,7,87
2860,Nicole,Engel,98,5,21,8,5,18,125
2927,Nicole,Engel,58,7,15,9,4,14,109
307,Nicole,Engel,67,4,17,3,3,8,107
3131,Nicole,Engel,100,9,27,12,4,10,151
377,Nicole,Engel,74,6,22,6,4,9,109
465,Nicole,Engel,72,5,8,2,5,10,99
528,Nicole,Engel,87,6,26,5,5,17,132
571,Nicole,Engel,66,7,18,7,4,14,103
6,Nicole,Engel,59,9,16,5,5,10,104
762,Nicole,Engel,80,5,18,8,3,10,113
778,Nicole,Engel,84,4,22,4,5,16,101
930,Nicole,Engel,89,5,20,6,2,18,139
1416,Onur,Ayyildiz,82,4,17,7,4,10,129
1485,Onur,Ayyildiz,80,5,10,3,5,8,118
1665,Onur,Ayyildiz,69,4,20,5,4,21,131
1737,Onur,Ayyildiz,73,2,16,5,2,10,93
176,Onur,Ayyildiz,81,5,25,5,2,16,122
1871,Onur,Ayyildiz,82,10,13,5,4,15,108
1885,Onur,Ayyildiz,78,3,22,3,1,11,104
201,Onur,Ayyildiz,81,4,26,3,3,12,105
2100,Onur,Ayyildiz,76,6,14,5,4,13,101
2147,Onur,Ayyildiz,75,6,15,4,5,25,97
2168,Onur,Ayyildiz,71,8,14,4,3,17,102
2173,Onur,Ayyildiz,93,5,20,5,3,13,128
221,Onur,Ayyildiz,68,4,19,8,7,13,81
2566,Onur,Ayyildiz,67,8,19,1,4,10,99
2589,Onur,Ayyildiz,88,6,20,4,5,14,122
2660,Onur,Ayyildiz,68,7,16,5,4,8,87
2793,Onur,Ayyildiz,95,5,16,4,3,11,121
2795,Onur,Ayyildiz,81,6,14,4,7,9,98
2860,Onur,Ayyildiz,79,5,16,5,4,13,91
2927,Onur,Ayyildiz,69,4,16,6,3,12,103
307,Onur,Ayyildiz,75,7,20,10,4,8,113
3131,Onur,Ayyildiz,84,9,22,6,5,13,113
377,Onur,Ayyildiz,81,7,25,3,4,19,131
465,Onur,Ayyildiz,65,7,16,2,6,15,110
528,Onur,Ayyildiz,71,9,30,2,5,11,126
571,Onur,Ayyildiz,72,6,17,5,4,17,101
6,Onur,Ayyildiz,60,5,16,7,4,13,90
762,Onur,Ayyildiz,69,4,15,3,4,10,91
778,Onur,Ayyildiz,71,4,17,5,4,9,94
930,Onur,Ayyildiz,86,4,26,4,4,15,135
1416,Orhan,Turan,63,3,10,5,2,8,72
1485,Orhan,Turan,72,9,15,5,4,9,108
1665,Orhan,Turan,94,5,18,6,4,20,143
1737,Orhan,Turan,71,7,22,1,6,7,94
176,Orhan,Turan,67,6,17,1,3,10,110
1871,Orhan,Turan,73,6,8,7,4,9,110
1885,Orhan,Turan,80,6,24,6,4,9,115
201,Orhan,Turan,86,9,18,2,7,14,111
2100,Orhan,Turan,76,4,15,9,4,23,117
2147,Orhan,Turan,94,4,18,8,3,17,113
2168,Orhan,Turan,77,7,18,4,4,8,103
2173,Orhan,Turan,90,7,23,7,4,13,131
221,Orhan,Turan,83,6,26,5,2,8,110
2566,Orhan,Turan,66,7,23,3,5,8,114
2589,Orhan,Turan,70,5,15,3,2,14,111
2660,Orhan,Turan,82,8,25,5,5,7,117
2793,Orhan,Turan,84,6,15,5,3,17,113
2795,Orhan,Turan,77,3,15,4,6,13,93
2860,Orhan,Turan,74,5,17,6,2,9,112
2927,Orhan,Turan,57,6,9,5,7,13,90
307,Orhan,Turan,82,5,20,5,1,9,113
3131,Orhan,Turan,79,3,19,2,3,10,130
377,Orhan,Turan,98,8,25,1,5,7,121
465,Orhan,Turan,67,5,16,4,3,8,87
528,Orhan,Turan,76,5,22,3,4,9,110
571,Orhan,Turan,65,5,14,3,6,9,101
6,Orhan,Turan,45,7,12,2,3,10,64
762,Orhan,Turan,76,4,17,7,4,10,98
778,Orhan,Turan,87,5,19,3,1,13,112
930,Orhan,Turan,80,3,25,5,3,11,146
1416,Philipp,Stoll,70,4,14,4,4,15,89
1485,Philipp,Stoll,73,7,20,4,4,8,96
1665,Philipp,Stoll,104,5,34,5,4,16,169
1737,Philipp,Stoll,93,7,30,1,5,9,100
176,Philipp,Stoll,94,6,26,4,3,16,142
1871,Philipp,Stoll,82,6,21,9,2,12,110
1885,Philipp,Stoll,101,6,11,6,5,9,167
201,Philipp,Stoll,78,4,18,8,4,10,91
2100,Philipp,Stoll,77,5,16,5,3,10,92
2147,Philipp,Stoll,81,7,22,6,5,18,110
2168,Philipp,Stoll,67,6,17,4,6,12,105
2173,Philipp,Stoll,80,3,22,3,1,15,111
221,Philipp,Stoll,82,5,21,3,2,11,126
2566,Philipp,Stoll,78,4,22,2,2,9,119
2589,Philipp,Stoll,89,5,19,2,3,13,125
2660,Philipp,Stoll,89,8,19,7,3,10,125
2793,Philipp,Stoll,78,6,20,4,3,12,123
2795,Philipp,Stoll,84,6,15,4,4,14,117
2860,Philipp,Stoll,85,5,18,3,3,9,88
2927,Philipp,Stoll,75,4,21,5,2,17,123
307,Philipp,Stoll,69,3,12,4,2,8,70
3131,Philipp,Stoll,74,4,14,8,5,8,124
377,Philipp,Stoll,93,5,23,4,5,7,123
465,Philipp,Stoll,77,4,12,3,2,16,119
528,Philipp,Stoll,78,4,24,4,6,11,102
571,Philipp,Stoll,70,5,12,4,4,13,88
6,Philipp,Stoll,48,8,17,2,4,4,86
762,Philipp,Stoll,82,2,22,4,4,8,100
778,Philipp,Stoll,74,7,21,4,3,7,90
930,Philipp,Stoll,67,5,18,2,4,10,112
1416,Ramona,Popp,69,5,18,4,4,11,96
1485,Ramona,Popp,94,16,17,7,11,22,132
1665,Ramona,Popp,84,3,17,1,4,9,148
1737,Ramona,Popp,85,6,27,0,6,9,99
176,Ramona,Popp,85,4,15,4,4,10,114
1871,Ramona,Popp,95,6,17,5,5,11,128
1885,Ramona,Popp,77,5,19,3,4,10,113
201,Ramona,Popp,78,7,14,9,4,14,112
2100,Ramona,Popp,100,5,24,2,4,13,120
2147,Ramona,Popp,76,7,15,4,4,15,112
2168,Ramona,Popp,76,4,23,2,2,8,94
2173,Ramona,Popp,82,7,14,6,5,11,93
221,Ramona,Popp,78,5,23,5,4,11,104
2566,Ramona,Popp,68,5,20,0,3,15,97
2589,Ramona,Popp,78,6,16,3,3,10,108
2660,Ramona,Popp,74,6,20,6,5,16,101
2793,Ramona,Popp,63,4,21,2,4,16,105
2795,Ramona,Popp,79,6,21,4,4,17,104
2860,Ramona,Popp,65,3,14,4,3,10,87
2927,Ramona,Popp,62,5,18,8,6,6,112
307,Ramona,Popp,75,8,20,5,4,17,95
3131,Ramona,Popp,66,7,20,6,6,10,97
377,Ramona,Popp,80,7,25,6,4,11,112
465,Ramona,Popp,84,6,22,6,4,8,143
528,Ramona,Popp,76,6,28,5,3,11,141
571,Ramona,Popp,81,10,20,4,8,8,119
6,Ramona,Popp,62,6,12,4,3,4,113
762,Ramona,Popp,69,3,14,3,2,11,90
778,Ramona,Popp,70,4,14,8,4,12,87
930,Ramona,Popp,63,5,17,5,4,8,103
1416,Rene,Schmitt,65,6,14,6,3,9,93
1485,Rene,Schmitt,70,9,13,6,8,9,93
1665,Rene,Schmitt,77,6,23,2,6,16,130
1737,Rene,Schmitt,75,3,20,5,2,8,90
176,Rene,Schmitt,75,7,14,3,3,9,121
1871,Rene,Schmitt,89,7,19,5,4,12,108
1885,Rene,Schmitt,73,6,18,2,4,10,116
201,Rene,Schmitt,84,5,16,9,4,11,84
2100,Rene,Schmitt,72,6,15,4,3,10,85
2147,Rene,Schmitt,100,8,23,9,7,13,144
2168,Rene,Schmitt,81,4,25,4,2,9,107
2173,Rene,Schmitt,90,4,18,6,4,11,107
221,Rene,Schmitt,64,6,18,5,1,6,89
2566,Rene,Schmitt,67,5,27,5,3,16,88
2589,Rene,Schmitt,95,3,23,2,3,10,119
2660,Rene,Schmitt,73,4,19,5,3,16,80
2793,Rene,Schmitt,87,4,16,5,3,23,135
2795,Rene,Schmitt,81,4,17,7,6,19,110
2860,Rene,Schmitt,81,3,20,2,1,11,133
2927,Rene,Schmitt,77,5,22,5,6,15,122
307,Rene,Schmitt,84,10,21,5,2,5,112
3131,Rene,Schmitt,92,8,19,3,5,11,122
377,Rene,Schmitt,87,5,30,3,3,13,138
465,Rene,Schmitt,82,6,22,6,7,11,115
528,Rene,Schmitt,59,7,22,8,6,5,91
571,Rene,Schmitt,53,9,14,3,4,5,71
6,Rene,Schmitt,53,8,12,0,6,7,94
762,Rene,Schmitt,60,5,12,7,4,10,58
778,Rene,Schmitt,75,5,16,2,3,9,90
930,Rene,Schmitt,72,6,21,6,3,14,120
1416,Sonja,Ackermann,71,3,16,7,4,8,75
1485,Sonja,Ackermann,74,9,14,5,6,8,118
1665,Sonja,Ackermann,100,4,21,4,4,19,155
1737,Sonja,Ackermann,83,6,21,3,5,14,118
176,Sonja,Ackermann,90,5,22,5,4,12,152
1871,Sonja,Ackermann,87,3,20,4,1,10,116
1885,Sonja,Ackermann,104,3,16,7,2,19,140
201,Sonja,Ackermann,83,9,14,5,5,19,108
2100,Sonja,Ackermann,72,5,18,2,4,10,89
2147,Sonja,Ackermann,83,8,19,8,6,11,105
2168,Sonja,Ackermann,74,5,17,5,3,9,119
2173,Sonja,Ackermann,87,8,21,5,4,11,117
221,Sonja,Ackermann,85,6,29,9,2,11,134
2566,Sonja,Ackermann,52,6,14,3,2,7,107
2589,Sonja,Ackermann,103,6,26,1,3,14,140
2660,Sonja,Ackermann,78,6,21,3,6,13,116
2793,Sonja,Ackermann,90,4,21,2,5,20,114
2795,Sonja,Ackermann,72,6,18,2,4,9,109
2860,Sonja,Ackermann,99,9,24,3,8,18,143
2927,Sonja,Ackermann,66,6,17,4,2,14,126
307,Sonja,Ackermann,73,3,20,4,3,13,95
3131,Sonja,Ackermann,90,6,18,7,3,8,128
377,Sonja,Ackermann,87,5,22,3,4,18,128
465,Sonja,Ackermann,83,6,19,6,2,10,143
528,Sonja,Ackermann,103,4,35,5,5,10,158
571,Sonja,Ackermann,77,6,17,3,2,11,97
6,Sonja,Ackermann,56,4,11,4,2,4,85
762,Sonja,Ackermann,77,3,17,3,6,10,114
778,Sonja,Ackermann,76,8,16,4,4,10,90
930,Sonja,Ackermann,89,5,23,5,2,10,119
1416,Suat,Mutlu,76,6,15,4,4,12,127
1485,Suat,Mutlu,79,9,18,5,4,14,101
1665,Suat,Mutlu,71,4,19,2,2,19,103
1737,Suat,Mutlu,80,5,18,4,3,10,109
176,Suat,Mutlu,77,6,17,4,4,13,105
1871,Suat,Mutlu,76,5,20,7,3,6,104
1885,Suat,Mutlu,68,5,21,5,3,2,119
201,Suat,Mutlu,82,6,19,4,7,11,130
2100,Suat,Mutlu,72,9,13,9,4,12,93
2147,Suat,Mutlu,72,4,13,5,6,15,111
2168,Suat,Mutlu,66,8,17,8,2,17,104
2173,Suat,Mutlu,83,7,23,5,3,12,115
221,Suat,Mutlu,78,6,18,5,4,8,113
2566,Suat,Mutlu,70,4,19,4,6,9,127
2589,Suat,Mutlu,71,6,9,5,4,11,105
2660,Suat,Mutlu,78,5,22,3,4,13,96
2793,Suat,Mutlu,70,4,17,6,4,15,83
2795,Suat,Mutlu,79,6,18,2,6,12,105
2860,Suat,Mutlu,92,5,24,7,5,15,136
2927,Suat,Mutlu,82,6,18,11,4,16,158
307,Suat,Mutlu,62,6,15,5,4,9,74
3131,Suat,Mutlu,77,5,16,2,4,7,128
377,Suat,Mutlu,70,6,25,3,5,15,100
465,Suat,Mutlu,62,4,17,3,4,11,102
528,Suat,Mutlu,105,8,38,4,3,11,196
571,Suat,Mutlu,68,4,19,1,2,10,97
6,Suat,Mutlu,43,9,13,9,5,4,89
762,Suat,Mutlu,78,4,16,5,2,11,86
778,Suat,Mutlu,87,6,23,3,3,9,94
930,Suat,Mutlu,85,5,19,5,4,7,160
1416,Suna,Acar,81,7,23,7,4,9,123
1485,Suna,Acar,63,7,16,6,2,9,86
1665,Suna,Acar,83,3,31,2,4,10,130
1737,Suna,Acar,78,5,24,3,1,9,108
176,Suna,Acar,81,5,24,7,3,10,118
1871,Suna,Acar,84,4,15,3,3,8,102
1885,Suna,Acar,52,9,12,4,2,6,70
201,Suna,Acar,76,7,14,7,6,16,68
2100,Suna,Acar,71,5,15,5,4,11,78
2147,Suna,Acar,77,6,13,5,2,13,113
2168,Suna,Acar,61,8,13,5,6,5,87
2173,Suna,Acar,75,4,16,4,5,10,81
221,Suna,Acar,83,10,30,4,4,13,129
2566,Suna,Acar,55,5,18,4,2,10,124
2589,Suna,Acar,79,7,15,4,7,8,112
2660,Suna,Acar,83,4,17,5,4,10,115
2793,Suna,Acar,81,6,17,6,6,16,122
2795,Suna,Acar,67,4,19,9,5,10,113
2860,Suna,Acar,92,5,23,5,2,15,134
2927,Suna,Acar,86,8,23,5,4,10,163
307,Suna,Acar,79,9,14,2,5,11,78
3131,Suna,Acar,81,4,25,6,2,8,127
377,Suna,Acar,81,8,29,4,4,14,136
465,Suna,Acar,73,3,13,6,4,8,101
528,Suna,Acar,100,9,28,5,2,13,180
571,Suna,Acar,74,7,19,1,4,7,116
6,Suna,Acar,40,5,14,4,3,3,86
762,Suna,Acar,77,7,13,2,5,11,89
778,Suna,Acar,86,3,14,7,4,9,104
930,Suna,Acar,100,6,24,4,3,10,165
1416,Ute,Schmitt,70,7,14,4,4,11,86
1485,Ute,Schmitt,73,7,17,4,3,8,114
1665,Ute,Schmitt,75,2,18,3,2,6,100
1737,Ute,Schmitt,69,8,21,4,7,10,85
176,Ute,Schmitt,71,6,20,2,5,9,105
1871,Ute,Schmitt,84,6,22,4,3,7,124
1885,Ute,Schmitt,65,5,21,10,5,9,102
201,Ute,Schmitt,75,5,13,5,6,10,78
2100,Ute,Schmitt,71,4,14,7,3,12,88
2147,Ute,Schmitt,88,8,20,5,3,12,112
2168,Ute,Schmitt,78,8,13,7,6,16,117
2173,Ute,Schmitt,84,5,23,5,3,14,118
221,Ute,Schmitt,71,7,21,6,2,15,116
2566,Ute,Schmitt,68,3,24,2,2,8,97
2589,Ute,Schmitt,87,4,15,0,4,13,118
2660,Ute,Schmitt,76,4,25,5,4,11,108
2793,Ute,Schmitt,87,3,24,5,4,13,106
2795,Ute,Schmitt,75,5,23,1,2,8,88
2860,Ute,Schmitt,81,7,18,7,7,12,108
2927,Ute,Schmitt,75,3,17,3,6,10,124
307,Ute,Schmitt,64,7,19,10,5,9,108
3131,Ute,Schmitt,88,4,16,4,5,16,120
377,Ute,Schmitt,84,6,25,6,9,11,118
465,Ute,Schmitt,75,4,23,2,2,9,98
528,Ute,Schmitt,74,3,26,5,4,9,120
571,Ute,Schmitt,68,8,17,2,2,11,115
6,Ute,Schmitt,50,4,13,7,3,4,99
762,Ute,Schmitt,72,8,17,5,5,11,102
778,Ute,Schmitt,74,8,14,5,6,10,91
930,Ute,Schmitt,66,7,17,6,3,10,123
1416,Yunus,Sönmez,64,4,13,4,3,9,100
1485,Yunus,Sönmez,78,7,17,4,4,7,104
1665,Yunus,Sönmez,88,3,19,2,3,7,121
1737,Yunus,Sönmez,70,6,19,3,4,11,84
176,Yunus,Sönmez,79,2,20,1,2,14,121
1871,Yunus,Sönmez,86,7,19,4,3,8,108
1885,Yunus,Sönmez,60,5,12,3,4,13,85
201,Yunus,Sönmez,81,4,17,3,3,8,97
2100,Yunus,Sönmez,63,9,21,7,6,14,84
2147,Yunus,Sönmez,86,8,20,8,5,18,101
2168,Yunus,Sönmez,87,4,17,2,3,21,116
2173,Yunus,Sönmez,75,9,14,3,6,18,99
221,Yunus,Sönmez,78,7,24,4,5,8,113
2566,Yunus,Sönmez,67,6,24,3,2,11,128
2589,Yunus,Sönmez,84,9,16,3,4,13,167
2660,Yunus,Sönmez,72,5,22,4,3,10,104
2793,Yunus,Sönmez,79,3,22,4,1,9,107
2795,Yunus,Sönmez,80,5,27,5,3,10,107
2860,Yunus,Sönmez,79,4,19,2,1,17,122
2927,Yunus,Sönmez,58,2,15,2,2,5,97
307,Yunus,Sönmez,80,3,17,5,2,13,105
3131,Yunus,Sönmez,99,4,28,6,2,12,133
377,Yunus,Sönmez,72,8,18,3,3,11,98
465,Yunus,Sönmez,65,1,16,1,1,14,77
528,Yunus,Sönmez,98,10,32,8,4,10,153
571,Yunus,Sönmez,79,4,21,5,3,13,121
6,Yunus,Sönmez,54,9,17,7,9,4,100
762,Yunus,Sönmez,81,9,19,2,5,8,118
778,Yunus,Sönmez,20,1,7,1,0,8,26
930,Yunus,Sönmez,69,0,18,8,0,19,153
1416,Özlem,Mutlu,69,5,11,3,3,14,94
1485,Özlem,Mutlu,89,6,17,5,5,7,128
1665,Özlem,Mutlu,86,7,20,4,3,9,127
1737,Özlem,Mutlu,76,7,25,1,7,9,89
176,Özlem,Mutlu,70,6,20,8,4,9,113
1871,Özlem,Mutlu,95,3,17,10,2,11,129
1885,Özlem,Mutlu,84,5,15,6,4,16,112
201,Özlem,Mutlu,75,3,22,3,3,21,106
2100,Özlem,Mutlu,78,4,17,5,3,9,102
2147,Özlem,Mutlu,82,7,18,2,4,18,98
2168,Özlem,Mutlu,64,7,24,6,2,5,101
2173,Özlem,Mutlu,80,4,23,7,4,13,106
221,Özlem,Mutlu,69,7,20,5,5,17,122
2566,Özlem,Mutlu,67,8,27,3,5,7,111
2589,Özlem,Mutlu,81,4,14,7,2,6,131
2660,Özlem,Mutlu,81,9,26,4,7,15,127
2793,Özlem,Mutlu,97,5,16,5,3,20,147
2795,Özlem,Mutlu,84,3,17,4,5,9,102
2860,Özlem,Mutlu,85,5,21,3,6,17,150
2927,Özlem,Mutlu,71,4,19,4,3,13,96
307,Özlem,Mutlu,77,7,18,4,7,11,104
3131,Özlem,Mutlu,83,8,17,4,4,15,118
377,Özlem,Mutlu,80,5,24,3,3,11,107
465,Özlem,Mutlu,62,8,16,3,3,8,100
528,Özlem,Mutlu,66,3,21,4,2,9,144
571,Özlem,Mutlu,73,5,18,5,4,11,112
6,Özlem,Mutlu,47,5,9,4,4,5,98
762,Özlem,Mutlu,93,11,19,2,6,10,136
778,Özlem,Mutlu,75,5,16,5,2,9,93
930,Özlem,Mutlu,67,7,23,3,4,13,128
1416,Şahin,Acar,82,8,18,3,5,14,132
1485,Şahin,Acar,77,8,11,9,3,7,114
1665,Şahin,Acar,88,3,29,3,4,10,132
1737,Şahin,Acar,83,6,23,3,6,13,106
176,Şahin,Acar,74,4,21,0,5,9,131
1871,Şahin,Acar,74,7,12,3,3,16,96
1885,Şahin,Acar,79,4,14,6,3,8,134
201,Şahin,Acar,93,6,22,3,2,11,101
2100,Şahin,Acar,89,2,24,2,4,13,108
2147,Şahin,Acar,79,5,15,3,5,10,108
2168,Şahin,Acar,90,6,20,4,2,6,142
2173,Şahin,Acar,71,6,15,7,4,9,94
221,Şahin,Acar,86,5,27,2,5,11,118
2566,Şahin,Acar,67,7,18,2,4,9,93
2589,Şahin,Acar,87,10,16,7,9,10,137
2660,Şahin,Acar,78,5,23,8,4,12,104
2793,Şahin,Acar,73,8,14,3,4,15,124
2795,Şahin,Acar,65,1,18,6,3,12,80
2860,Şahin,Acar,80,6,20,2,2,17,114
2927,Şahin,Acar,89,9,17,10,4,10,117
307,Şahin,Acar,84,7,19,6,5,10,98
3131,Şahin,Acar,93,6,18,6,4,18,128
377,Şahin,Acar,83,6,21,2,7,10,110
465,Şahin,Acar,75,2,14,4,2,13,116
528,Şahin,Acar,66,8,23,3,3,11,104
571,Şahin,Acar,85,4,19,7,3,16,119
6,Şahin,Acar,38,12,8,4,4,9,62
762,Şahin,Acar,74,4,21,7,5,16,94
778,Şahin,Acar,83,4,17,4,3,12,117
930,Şahin,Acar,84,5,25,8,4,12,132
